{
    "metadata": {
        "filename": "cla01",
        "sample_rate": 44100
    },
    "samples": [
        1.7230648154509254e-05,
        1.3039945770287886e-05,
        -1.2710313058050815e-05,
        1.1338829608575907e-06,
        1.5737012290628627e-05,
        0.0004347996728029102,
        -9.89679538179189e-05,
        -0.0005460195243358612,
        -8.360791252925992e-05,
        0.03714769706130028,
        0.03309183567762375,
        0.004991267807781696,
        0.012034996412694454,
        -0.06430269777774811,
        0.020935798063874245,
        -0.018628299236297607,
        -0.010374818928539753,
        0.023679979145526886,
        -0.04576461762189865,
        0.006514162756502628,
        0.014932938851416111,
        -0.01170158851891756,
        0.04041735827922821,
        0.03195493668317795,
        -0.009443643502891064,
        0.02917533367872238,
        -0.04991263896226883,
        -0.01792052388191223,
        0.014279607683420181,
        -0.01808208040893078,
        0.025945495814085007,
        -0.019818168133497238,
        0.006037848070263863,
        0.021902356296777725,
        -0.04409940540790558,
        0.007847125642001629,
        -0.07135233283042908,
        -0.0466437041759491,
        0.04045618325471878,
        -0.0006946538342162967,
        0.01467953622341156,
        -0.017300661653280258,
        -0.00177704356610775,
        -0.05218323692679405,
        -0.015154157765209675,
        0.0003022290766239166,
        0.027121521532535553,
        0.006241724826395512,
        0.020888185128569603,
        0.04599208012223244,
        -0.05895774066448212,
        -0.02177642285823822,
        -0.05980377644300461,
        -0.05636504292488098,
        0.04343179613351822,
        0.09883752465248108,
        -0.024878447875380516,
        0.06259971112012863,
        0.04091283679008484,
        0.12806759774684906,
        -0.03786267340183258,
        0.098338283598423,
        0.10302584618330002,
        0.09509600698947906,
        0.028673026710748672,
        -0.027872422710061073,
        0.02101369947195053,
        -0.009441535919904709,
        0.006096139550209045,
        0.10081838071346283,
        0.05262315273284912,
        0.0066075315698981285,
        0.006414758041501045,
        0.07065154612064362,
        -0.15730398893356323,
        -0.009937778115272522,
        -0.15428036451339722,
        -0.042558420449495316,
        -0.0638100653886795,
        0.13490773737430573,
        0.03984733670949936,
        0.05797869339585304,
        0.03552456572651863,
        0.028895022347569466,
        0.008025843650102615,
        0.07773321866989136,
        -0.09093007445335388,
        -0.0010242261923849583,
        -0.18914122879505157,
        -0.019933970645070076,
        0.012365349568426609,
        -0.046409741044044495,
        -0.05181491747498512,
        -0.00603136420249939,
        0.007116957567632198,
        0.10658841580152512,
        0.013325979933142662,
        0.035727519541978836,
        -0.009248634800314903,
        -0.0041918158531188965,
        -0.00013328611385077238,
        -0.0009811553172767162,
        -0.07685431092977524,
        -0.09513683617115021,
        0.04987475275993347,
        -0.024601709097623825,
        0.054691381752491,
        -0.0506802573800087,
        -0.019153278321027756,
        0.02642616257071495,
        0.01611928641796112,
        -0.010403331369161606,
        -0.015913305804133415,
        -0.027168069034814835,
        0.0013328748755156994,
        0.06188619136810303,
        -0.01652849279344082,
        -0.05584754794836044,
        -0.016527142375707626,
        0.03390511870384216,
        0.021091965958476067,
        0.04563659057021141,
        0.009997752495110035,
        -0.0030427630990743637,
        -0.0069700125604867935,
        0.014801695942878723,
        0.05559549480676651,
        0.0660523846745491,
        0.01676744595170021,
        0.019467782229185104,
        -0.017811913043260574,
        0.0027183000929653645,
        0.013986540958285332,
        -0.051861394196748734,
        -0.00911925733089447,
        0.03006022796034813,
        0.004006995819509029,
        -0.006314286962151527,
        0.034861914813518524,
        -0.021736320108175278,
        0.022248633205890656,
        -0.003521120175719261,
        -0.035325758159160614,
        0.06177235022187233,
        0.039555929601192474,
        0.014872649684548378,
        -0.0037228651344776154,
        0.06493918597698212,
        -0.05982310324907303,
        -0.05972946807742119,
        -0.033632390201091766,
        0.0007317624986171722,
        -0.01358172670006752,
        -0.0390644371509552,
        -0.00780283659696579,
        0.006136005744338036,
        -0.06441843509674072,
        0.031627677381038666,
        0.004296677187085152,
        0.03231218829751015,
        -0.0575595423579216,
        0.0105737978592515,
        -0.03133509308099747,
        0.03800145909190178,
        -0.006131158675998449,
        -0.002616399899125099,
        0.02926301583647728,
        -0.0782974511384964,
        -0.02784675732254982,
        0.000547073082998395,
        -0.005831317510455847,
        0.013386350125074387,
        0.008707127533853054,
        0.011018747463822365,
        0.05070137232542038,
        0.03974447026848793,
        0.03776536509394646,
        -0.023910250514745712,
        0.3082953691482544,
        0.05205076187849045,
        -0.04284030944108963,
        -0.020953364670276642,
        0.03326379135251045,
        0.009458145126700401,
        0.13101999461650848,
        0.005386143922805786,
        0.07186322659254074,
        -0.017766637727618217,
        -0.008637173101305962,
        -0.0011760592460632324,
        -0.027801040560007095,
        0.0027351812459528446,
        -0.059428006410598755,
        0.009089812636375427,
        -0.06236661225557327,
        0.039794839918613434,
        -0.05321794003248215,
        -0.05593099817633629,
        0.01746113784611225,
        -0.011209726333618164,
        -0.014528382569551468,
        -0.019173845648765564,
        0.00980354379862547,
        -0.01023821346461773,
        0.05466651916503906,
        0.02185910940170288,
        -0.03929884359240532,
        -0.13654936850070953,
        0.016816595569252968,
        0.01756126433610916,
        0.03421826660633087,
        -0.03961387649178505,
        -0.08778711408376694,
        0.06411755084991455,
        0.07250414043664932,
        -0.15068337321281433,
        -0.070656418800354,
        -0.06806786358356476,
        0.0036563416942954063,
        -0.06599123775959015,
        0.007563089951872826,
        -0.1561400294303894,
        0.011945566162467003,
        0.02068457379937172,
        0.0021087024360895157,
        -0.0011227026116102934,
        -0.001677156426012516,
        -0.052297405898571014,
        -0.02567978762090206,
        -0.009512572549283504,
        0.01065651886165142,
        -0.00909359846264124,
        -0.004609202966094017,
        -0.01953454501926899,
        -0.008560538291931152,
        -0.010085450485348701,
        -0.027991918846964836,
        0.008108600974082947,
        -0.0011277461890131235,
        0.016141805797815323,
        0.0025555682368576527,
        0.029217172414064407,
        -0.01592368260025978,
        0.03514238819479942,
        0.03094448894262314,
        -0.021903373301029205,
        -0.016860755160450935,
        0.019087333232164383,
        0.021594049409031868,
        -0.016156140714883804,
        -0.04307324066758156,
        0.02283623069524765,
        -0.021758396178483963,
        -0.028364498168230057,
        0.0011304542422294617,
        -0.008881669491529465
    ],
    "glyphs": {
        "instrument": {
            "probability": 0.185552328825,
            "value": "saxophone"
        },