{
    "wave": {
        "0": {
            "strong_peak": 0.463824719191,
            "energy_band": {
                "high": 0.000107020685391,
                "middle_low": 0.00870317034423,
                "middle_high": 0.00235848105513,
                "low": 0.00122512585949
            },
            "avg_bpm": 166.708679199,
            "x0": 0,
            "avg_mood": 0.866376698017,
            "x1": 134140
        },
        "1": {
            "strong_peak": 1.29599571228,
            "energy_band": {
                "high": 0.000178035508725,
                "middle_low": 0.0200507193804,
                "middle_high": 0.00690665934235,
                "low": 0.00471099326387
            },
            "avg_bpm": 80.7495117188,
            "x0": 134140,
            "avg_mood": 0.666427135468,
            "x1": 268280
        },
        "2": {
            "strong_peak": 1.01457059383,
            "energy_band": {
                "high": 0.000167360340129,
                "middle_low": 0.0191164426506,
                "middle_high": 0.00483302492648,
                "low": 0.00467316992581
            },
            "avg_bpm": 164.103866577,
            "x0": 268280,
            "avg_mood": 0.719337582588,
            "x1": 402420
        },
        "3": {
            "strong_peak": 0.741721153259,
            "energy_band": {
                "high": 4.82630857732e-05,
                "middle_low": 0.00925798807293,
                "middle_high": 0.00277546280995,
                "low": 0.00280963839032
            },
            "avg_bpm": 118.819580078,
            "x0": 402420,
            "avg_mood": 0.11973143369,
            "x1": 536560
        },
        "4": {
            "strong_peak": 1.98221707344,
            "energy_band": {
                "high": 0.000103465048596,
                "middle_low": 0.026540402323,
                "middle_high": 0.00611087167636,
                "low": 0.000253285310464
            },
            "avg_bpm": 149.827682495,
            "x0": 536560,
            "avg_mood": 0.600597679615,
            "x1": 670700
        },
        "5": {
            "strong_peak": 0.468136638403,
            "energy_band": {
                "high": 4.49811195722e-05,
                "middle_low": 0.00688258185983,
                "middle_high": 0.00269767409191,
                "low": 0.00168716802727
            },
            "avg_bpm": 139.674835205,
            "x0": 670700,
            "avg_mood": 0.29729655385,
            "x1": 804840
        },
        "6": {
            "strong_peak": 0.613110244274,
            "energy_band": {
                "high": 0.000136254806421,
                "middle_low": 0.00895221810788,
                "middle_high": 0.00315392180346,
                "low": 0.00182720541488
            },
            "avg_bpm": 140.491638184,
            "x0": 804840,
            "avg_mood": 0.791490793228,
            "x1": 938980
        },
        "7": {
            "strong_peak": 1.22773003578,
            "energy_band": {
                "high": 0.000132522618514,
                "middle_low": 0.014848170802,
                "middle_high": 0.00236072158441,
                "low": 0.00169627123978
            },
            "avg_bpm": 172.265594482,
            "x0": 938980,
            "avg_mood": 0.22520917654,
            "x1": 1073120
        },
        "8": {
            "strong_peak": 1.33536243439,
            "energy_band": {
                "high": 4.78050569654e-05,
                "middle_low": 0.0175558626652,
                "middle_high": 0.00173736352008,
                "low": 0.000464995799121
            },
            "avg_bpm": 121.616096497,
            "x0": 1073120,
            "avg_mood": 0.3805552423,
            "x1": 1207260
        },
        "9": {
            "strong_peak": 1.1201441288,
            "energy_band": {
                "high": 7.0721602242e-05,
                "middle_low": 0.0223877970129,
                "middle_high": 0.00518883904442,
                "low": 0.00666697276756
            },
            "avg_bpm": 132.546905518,
            "x0": 1207260,
            "avg_mood": 0.027463439852,
            "x1": 1341400
        },
        "10": {
            "strong_peak": 1.34238123894,
            "energy_band": {
                "high": 3.26699264406e-05,
                "middle_low": 0.0122969551012,
                "middle_high": 0.00329084484838,
                "low": 0.00113879353739
            },
            "avg_bpm": 93.4037704468,
            "x0": 1341400,
            "avg_mood": 0.695005714893,
            "x1": 1475540
        },
        "11": {
            "strong_peak": 1.12472712994,
            "energy_band": {
                "high": 0.000432716100477,
                "middle_low": 0.0119320554659,
                "middle_high": 0.00865793414414,
                "low": 0.00453374348581
            },
            "avg_bpm": 95.7359542847,
            "x0": 1475540,
            "avg_mood": 0.975510716438,
            "x1": 1609680
        },
        "12": {
            "strong_peak": 1.26507341862,
            "energy_band": {
                "high": 0.000368778593838,
                "middle_low": 0.0177880041301,
                "middle_high": 0.0118958996609,
                "low": 0.00435226550326
            },
            "avg_bpm": 102.683815002,
            "x0": 1609680,
            "avg_mood": 0.970991611481,
            "x1": 1743820
        },
        "13": {
            "strong_peak": 1.17809844017,
            "energy_band": {
                "high": 0.000190468548681,
                "middle_low": 0.0210699923337,
                "middle_high": 0.00753017188981,
                "low": 0.00283420155756
            },
            "avg_bpm": 101.332725525,
            "x0": 1743820,
            "avg_mood": 0.429506748915,
            "x1": 1877960
        },
        "14": {
            "strong_peak": 1.04805731773,
            "energy_band": {
                "high": 0.000128998566652,
                "middle_low": 0.0190535057336,
                "middle_high": 0.00783003121614,
                "low": 0.00339919468388
            },
            "avg_bpm": 206.71875,
            "x0": 1877960,
            "avg_mood": 1.6266185412e-05,
            "x1": 2012100
        },
        "15": {
            "strong_peak": 1.12948620319,
            "energy_band": {
                "high": 5.37747582712e-05,
                "middle_low": 0.0126190269366,
                "middle_high": 0.00340525247157,
                "low": 0.00109161157161
            },
            "avg_bpm": 112.34715271,
            "x0": 2012100,
            "avg_mood": 0.820517838001,
            "x1": 2146240
        },
        "16": {
            "strong_peak": 0.862573087215,
            "energy_band": {
                "high": 1.70520834217e-05,
                "middle_low": 0.0112259369344,
                "middle_high": 0.00108176353388,
                "low": 0.000322757172398
            },
            "avg_bpm": 118.819572449,
            "x0": 2146240,
            "avg_mood": 0.66827237606,
            "x1": 2280380
        },
        "17": {
            "strong_peak": 1.76046812534,
            "energy_band": {
                "high": 1.46479687828e-05,
                "middle_low": 0.0257575884461,
                "middle_high": 0.00430725188926,
                "low": 0.00332862674259
            },
            "avg_bpm": 89.1029129028,
            "x0": 2280380,
            "avg_mood": 0.75740391016,
            "x1": 2414520
        },
        "18": {
            "strong_peak": 4.52980184555,
            "energy_band": {
                "high": 2.63579913735e-05,
                "middle_low": 0.00578473787755,
                "middle_high": 0.0185599550605,
                "low": 0.000549296149984
            },
            "avg_bpm": 198.768051147,
            "x0": 2414520,
            "avg_mood": 0.917593240738,