{
    "wave": {
        "0": {
            "avg_mood": 0.757979691029,
            "x1": 133100,
            "strong_peak": 1.51561439037,
            "energy_band": {
                "middle_high": 0.00710557913408,
                "low": 0.00884863175452,
                "high": 0.000706125400029,
                "middle_low": 0.0119228987023
            },
            "x0": 0,
            "avg_bpm": 164.103851318
        },
        "1": {
            "avg_mood": 0.524968802929,
            "x1": 266200,
            "strong_peak": 1.07325005531,
            "energy_band": {
                "middle_high": 0.00493645528331,
                "low": 0.00841649156064,
                "high": 0.000626830384135,
                "middle_low": 0.00895576924086
            },
            "x0": 133100,
            "avg_bpm": 137.837005615
        },
        "2": {
            "avg_mood": 0.904131054878,
            "x1": 399300,
            "strong_peak": 0.745354473591,
            "energy_band": {
                "middle_high": 0.00427150726318,
                "low": 0.0185720324516,
                "high": 0.000671285553835,
                "middle_low": 0.0150457872078
            },
            "x0": 266200,
            "avg_bpm": 138.939712524
        },
        "3": {
            "avg_mood": 0.759649574757,
            "x1": 532400,
            "strong_peak": 0.634015917778,
            "energy_band": {
                "middle_high": 0.00385669944808,
                "low": 0.0253781396896,
                "high": 0.00103414803743,
                "middle_low": 0.0186180826277
            },
            "x0": 399300,
            "avg_bpm": 140.491638184
        },
        "4": {
            "avg_mood": 0.458625435829,
            "x1": 665500,
            "strong_peak": 1.16728579998,
            "energy_band": {
                "middle_high": 0.00479115452617,
                "low": 0.0145258577541,
                "high": 0.00103448412847,
                "middle_low": 0.0159896183759
            },
            "x0": 532400,
            "avg_bpm": 143.5546875
        },
        "5": {
            "avg_mood": 0.895726799965,
            "x1": 798600,
            "strong_peak": 1.5065639019,
            "energy_band": {
                "middle_high": 0.00843234267086,
                "low": 0.00575217651203,
                "high": 0.000701337645296,
                "middle_low": 0.00644169095904
            },
            "x0": 665500,
            "avg_bpm": 131.683807373
        },
        "6": {
            "avg_mood": 0.592812359333,
            "x1": 931700,
            "strong_peak": 0.995896875858,
            "energy_band": {
                "middle_high": 0.00487868627533,
                "low": 0.0233448464423,
                "high": 0.000636089302134,
                "middle_low": 0.0147235160694
            },
            "x0": 798600,
            "avg_bpm": 145.605453491
        },
        "7": {
            "avg_mood": 0.867170035839,
            "x1": 1064800,
            "strong_peak": 1.18026340008,
            "energy_band": {
                "middle_high": 0.00851049926132,
                "low": 0.0180925987661,
                "high": 0.000701152486727,
                "middle_low": 0.0138870896772
            },
            "x0": 931700,
            "avg_bpm": 143.554702759
        },
        "8": {
            "avg_mood": 0.98688018322,
            "x1": 1197900,
            "strong_peak": 0.983821630478,
            "energy_band": {
                "middle_high": 0.00559361977503,
                "low": 0.0197835862637,
                "high": 0.000824671355076,
                "middle_low": 0.0155521752313
            },
            "x0": 1064800,
            "avg_bpm": 143.5546875
        },
        "9": {
            "avg_mood": 0.831892132759,
            "x1": 1331000,
            "strong_peak": 1.14617276192,
            "energy_band": {
                "middle_high": 0.00598588678986,
                "low": 0.00784957967699,
                "high": 0.000872068398166,
                "middle_low": 0.00807768106461
            },
            "x0": 1197900,
            "avg_bpm": 152.920288086
        },
        "10": {
            "avg_mood": 0.996740281582,
            "x1": 1464100,
            "strong_peak": 1.58680558205,
            "energy_band": {
                "middle_high": 0.0075885495171,
                "low": 0.00496944412589,
                "high": 0.00351608288474,
                "middle_low": 0.00420340104029
            },
            "x0": 1331000,
            "avg_bpm": 143.599029541
        },
        "11": {
            "avg_mood": 0.977733969688,
            "x1": 1597200,
            "strong_peak": 0.839513540268,
            "energy_band": {
                "middle_high": 0.00497741345316,
                "low": 0.00532236974686,
                "high": 0.00169659394305,
                "middle_low": 0.00542226154357
            },
            "x0": 1464100,
            "avg_bpm": 98.1570510864
        },
        "12": {
            "avg_mood": 0.999008238316,
            "x1": 1730300,
            "strong_peak": 1.042989254,
            "energy_band": {
                "middle_high": 0.0056597837247,
                "low": 0.00849760416895,
                "high": 0.00157031218987,
                "middle_low": 0.00941584724933
            },
            "x0": 1597200,
            "avg_bpm": 91.7454833984
        },
        "13": {
            "avg_mood": 0.809512019157,
            "x1": 1863400,
            "strong_peak": 0.889794111252,
            "energy_band": {
                "middle_high": 0.00787887908518,
                "low": 0.00833439361304,
                "high": 0.00155572080985,
                "middle_low": 0.00778963649645
            },
            "x0": 1730300,
            "avg_bpm": 143.5546875
        },
        "14": {
            "avg_mood": 0.970808804035,
            "x1": 1996500,
            "strong_peak": 0.875804185867,
            "energy_band": {
                "middle_high": 0.00591842550784,
                "low": 0.0116564761847,
                "high": 0.0014407611452,
                "middle_low": 0.0102384602651
            },
            "x0": 1863400,
            "avg_bpm": 143.5546875
        },
        "15": {
            "avg_mood": 0.963920891285,
            "x1": 2129600,
            "strong_peak": 0.854562819004,
            "energy_band": {
                "middle_high": 0.00617226958275,
                "low": 0.0111099872738,
                "high": 0.00115525955334,
                "middle_low": 0.0089749423787
            },
            "x0": 1996500,
            "avg_bpm": 139.725891113
        },
        "16": {
            "avg_mood": 0.752099812031,
            "x1": 2262700,
            "strong_peak": 0.902763366699,
            "energy_band": {
                "middle_high": 0.00465213693678,
                "low": 0.00620616879314,
                "high": 0.00119258731138,
                "middle_low": 0.00557518191636
            },
            "x0": 2129600,
            "avg_bpm": 118.819580078
        },
        "17": {
            "avg_mood": 0.67811602354,
            "x1": 2395800,
            "strong_peak": 0.786148488522,
            "energy_band": {
                "middle_high": 0.00551324617118,
                "low": 0.0072827427648,
                "high": 0.0014077462256,
                "middle_low": 0.00648436089978
            },
            "x0": 2262700,
            "avg_bpm": 142.261413574
        },
        "18": {
            "avg_mood": 0.989368259907,
            "x1": 2528900,
            "strong_peak": 0.9437251091,
            "energy_band": {
                "middle_high": 0.00612445920706,
                "low": 0.0128694055602,
                "high": 0.00143956125248,
                "middle_low": 0.0107858404517
            },
            "x0": 2395800,