{
    "wave": {
        "0": {
            "strong_peak": 2.84437084198,
            "x0": 0,
            "avg_mood": 0.99293500185,
            "energy_band": {
                "high": 0.00133993499912,
                "middle_low": 0.0106866341084,
                "middle_high": 0.015342624858,
                "low": 0.00342707848176
            },
            "x1": 133100,
            "avg_bpm": 106.567382812
        },
        "1": {
            "strong_peak": 1.85729002953,
            "x0": 133100,
            "avg_mood": 0.6020398736,
            "energy_band": {
                "high": 0.00106752116699,
                "middle_low": 0.0143397189677,
                "middle_high": 0.0111673651263,
                "low": 0.00765311717987
            },
            "x1": 266200,
            "avg_bpm": 105.512695312
        },
        "2": {
            "strong_peak": 0.929145991802,
            "x0": 266200,
            "avg_mood": 0.0169402137399,
            "energy_band": {
                "high": 0.00194919563364,
                "middle_low": 0.0143259726465,
                "middle_high": 0.00443740887567,
                "low": 0.00727476133034
            },
            "x1": 399300,
            "avg_bpm": 101.371688843
        },
        "3": {
            "strong_peak": 0.62743473053,
            "x0": 399300,
            "avg_mood": 0.850315392017,
            "energy_band": {
                "high": 0.00187717133667,
                "middle_low": 0.0155494725332,
                "middle_high": 0.00430477270856,
                "low": 0.00672654202208
            },
            "x1": 532400,
            "avg_bpm": 97.5088424683
        },
        "4": {
            "strong_peak": 0.550907492638,
            "x0": 532400,
            "avg_mood": 0.951110243797,
            "energy_band": {
                "high": 0.00181885936763,
                "middle_low": 0.00862340722233,
                "middle_high": 0.0036467697937,
                "low": 0.00913281925023
            },
            "x1": 665500,
            "avg_bpm": 108.836303711
        },
        "5": {
            "strong_peak": 1.16176366806,
            "x0": 665500,
            "avg_mood": 0.973026454449,
            "energy_band": {
                "high": 0.00102521700319,
                "middle_low": 0.0156568549573,
                "middle_high": 0.00610128883272,
                "low": 0.00758116273209
            },
            "x1": 798600,
            "avg_bpm": 109.981689453
        },
        "6": {
            "strong_peak": 0.720553159714,
            "x0": 798600,
            "avg_mood": 0.836527407169,
            "energy_band": {
                "high": 0.00150911253877,
                "middle_low": 0.0186303388327,
                "middle_high": 0.00444114999846,
                "low": 0.0136211616918
            },
            "x1": 931700,
            "avg_bpm": 108.238700867
        },
        "7": {
            "strong_peak": 0.872684895992,
            "x0": 931700,
            "avg_mood": 0.871407151222,
            "energy_band": {
                "high": 0.00156078767031,
                "middle_low": 0.0172711703926,
                "middle_high": 0.00238387286663,
                "low": 0.00752741890028
            },
            "x1": 1064800,
            "avg_bpm": 108.811401367
        },
        "8": {
            "strong_peak": 1.37205195427,
            "x0": 1064800,
            "avg_mood": 0.994563579559,
            "energy_band": {
                "high": 0.00165495392866,
                "middle_low": 0.0174892377108,
                "middle_high": 0.00547778978944,
                "low": 0.0058301887475
            },
            "x1": 1197900,
            "avg_bpm": 107.140075684
        },
        "9": {
            "strong_peak": 0.776413500309,
            "x0": 1197900,
            "avg_mood": 0.196502789855,
            "energy_band": {
                "high": 0.0014811794972,
                "middle_low": 0.0183266215026,
                "middle_high": 0.00373084517196,
                "low": 0.0115366885439
            },
            "x1": 1331000,
            "avg_bpm": 106.589355469
        },
        "10": {
            "strong_peak": 0.680025935173,
            "x0": 1331000,
            "avg_mood": 0.754019260406,
            "energy_band": {
                "high": 0.00214584451169,
                "middle_low": 0.0127205383033,
                "middle_high": 0.00408018473536,
                "low": 0.0074317259714
            },
            "x1": 1464100,
            "avg_bpm": 107.666015625
        },
        "11": {
            "strong_peak": 1.01166665554,
            "x0": 1464100,
            "avg_mood": 0.90975856781,
            "energy_band": {
                "high": 0.00167032785248,
                "middle_low": 0.0163313187659,
                "middle_high": 0.00415715249255,
                "low": 0.00639093946666
            },
            "x1": 1597200,
            "avg_bpm": 97.5088500977
        },
        "12": {
            "strong_peak": 2.85657644272,
            "x0": 1597200,
            "avg_mood": 0.628609955311,
            "energy_band": {
                "high": 0.000747000391129,
                "middle_low": 0.0328714735806,
                "middle_high": 0.00455428799614,
                "low": 0.00687056733295
            },
            "x1": 1730300,
            "avg_bpm": 108.836303711
        },
        "13": {
            "strong_peak": 1.6540197134,
            "x0": 1730300,
            "avg_mood": 0.623432517052,
            "energy_band": {
                "high": 0.0012908912031,
                "middle_low": 0.0237468611449,
                "middle_high": 0.00423598987982,
                "low": 0.0145725961775
            },
            "x1": 1863400,
            "avg_bpm": 110.006584167
        },
        "14": {
            "strong_peak": 0.589817225933,
            "x0": 1863400,
            "avg_mood": 0.117760062218,
            "energy_band": {
                "high": 0.00260568340309,
                "middle_low": 0.013296181336,
                "middle_high": 0.00496058585122,
                "low": 0.0146088646725
            },
            "x1": 1996500,
            "avg_bpm": 109.193199158
        },
        "15": {
            "strong_peak": 1.5726211071,
            "x0": 1996500,
            "avg_mood": 0.999192476273,
            "energy_band": {
                "high": 0.00137835019268,
                "middle_low": 0.00803197547793,
                "middle_high": 0.00783088151366,
                "low": 0.00502812629566
            },
            "x1": 2129600,
            "avg_bpm": 107.666015625
        },
        "16": {
            "strong_peak": 1.40335547924,
            "x0": 2129600,
            "avg_mood": 0.667549431324,
            "energy_band": {
                "high": 0.00111738673877,
                "middle_low": 0.0132872089744,
                "middle_high": 0.00794556736946,
                "low": 0.00530095305294
            },
            "x1": 2262700,
            "avg_bpm": 105.498046875
        },
        "17": {
            "strong_peak": 0.671361207962,
            "x0": 2262700,
            "avg_mood": 0.666106581688,
            "energy_band": {
                "high": 0.00371011905372,
                "middle_low": 0.00661736540496,
                "middle_high": 0.00338183902204,
                "low": 0.0177447795868
            },
            "x1": 2395800,
            "avg_bpm": 110.006576538
        },
        "18": {
            "strong_peak": 1.16377747059,
            "x0": 2395800,
            "avg_mood": 0.101090580225,
            "energy_band": {
                "high": 0.00154753960669,
                "middle_low": 0.021628126502,
                "middle_high": 0.00511625735089,
                "low": 0.00606612954289
            },
            "x1": 2528900,
            "avg_bpm": 95.703125
        },