{
    "wave": {
        "0": {
            "x1": 133100,
            "strong_peak": 0.469168007374,
            "energy_band": {
                "low": 0.0237352363765,
                "middle_low": 0.00471265567467,
                "middle_high": 0.00182508211583,
                "high": 0.00186325341929
            },
            "x0": 0,
            "avg_mood": 0.0594884045422,
            "avg_bpm": 107.666015625
        },
        "1": {
            "x1": 266200,
            "strong_peak": 0.859214901924,
            "energy_band": {
                "low": 0.0276299975812,
                "middle_low": 0.0128065310419,
                "middle_high": 0.00312700518407,
                "high": 0.00290655717254
            },
            "x0": 133100,
            "avg_mood": 0.69817763567,
            "avg_bpm": 117.453842163
        },
        "2": {
            "x1": 399300,
            "strong_peak": 0.590809226036,
            "energy_band": {
                "low": 0.0512225851417,
                "middle_low": 0.0128158321604,
                "middle_high": 0.00355091458187,
                "high": 0.0022702133283
            },
            "x0": 266200,
            "avg_mood": 0.771595299244,
            "avg_bpm": 121.616088867
        },
        "3": {
            "x1": 532400,
            "strong_peak": 0.762774407864,
            "energy_band": {
                "low": 0.0477212108672,
                "middle_low": 0.0140018966049,
                "middle_high": 0.00397496251389,
                "high": 0.0020583323203
            },
            "x0": 399300,
            "avg_mood": 0.931250989437,
            "avg_bpm": 123.046875
        },
        "4": {
            "x1": 665500,
            "strong_peak": 0.724467933178,
            "energy_band": {
                "low": 0.0357493311167,
                "middle_low": 0.00984593573958,
                "middle_high": 0.00463923672214,
                "high": 0.00228368095122
            },
            "x0": 532400,
            "avg_mood": 0.856437206268,
            "avg_bpm": 121.616096497
        },
        "5": {
            "x1": 798600,
            "strong_peak": 0.574124336243,
            "energy_band": {
                "low": 0.0374989509583,
                "middle_low": 0.00792480725795,
                "middle_high": 0.0039673531428,
                "high": 0.0018712785095
            },
            "x0": 665500,
            "avg_mood": 0.703983843327,
            "avg_bpm": 119.274833679
        },
        "6": {
            "x1": 931700,
            "strong_peak": 0.719648599625,
            "energy_band": {
                "low": 0.0347465537488,
                "middle_low": 0.0145001057535,
                "middle_high": 0.00394354201853,
                "high": 0.00238603260368
            },
            "x0": 798600,
            "avg_mood": 0.893245518208,
            "avg_bpm": 120.217834473
        },
        "7": {
            "x1": 1064800,
            "strong_peak": 0.944600939751,
            "energy_band": {
                "low": 0.0361178927124,
                "middle_low": 0.00980212539434,
                "middle_high": 0.00546950986609,
                "high": 0.00239002541639
            },
            "x0": 931700,
            "avg_mood": 0.848299264908,
            "avg_bpm": 121.139167786
        },
        "8": {
            "x1": 1197900,
            "strong_peak": 0.895042061806,
            "energy_band": {
                "low": 0.0383255034685,
                "middle_low": 0.0137071153149,
                "middle_high": 0.00607808446512,
                "high": 0.00230126432143
            },
            "x0": 1064800,
            "avg_mood": 0.995500385761,
            "avg_bpm": 123.046859741
        },
        "9": {
            "x1": 1331000,
            "strong_peak": 0.802295207977,
            "energy_band": {
                "low": 0.0284791067243,
                "middle_low": 0.0119433514774,
                "middle_high": 0.004691158887,
                "high": 0.00238963286392
            },
            "x0": 1197900,
            "avg_mood": 0.778023779392,
            "avg_bpm": 122.093025208
        },
        "10": {
            "x1": 1464100,
            "strong_peak": 0.707416594028,
            "energy_band": {
                "low": 0.0408557355404,
                "middle_low": 0.0111388834193,
                "middle_high": 0.00373841449618,
                "high": 0.00234527210705
            },
            "x0": 1331000,
            "avg_mood": 0.816005408764,
            "avg_bpm": 123.046882629
        },
        "11": {
            "x1": 1597200,
            "strong_peak": 0.930824637413,
            "energy_band": {
                "low": 0.027358001098,
                "middle_low": 0.0128705855459,
                "middle_high": 0.00509219896048,
                "high": 0.00193437247071
            },
            "x0": 1464100,
            "avg_mood": 0.996487438679,
            "avg_bpm": 123.046882629
        },
        "12": {
            "x1": 1730300,
            "strong_peak": 0.841593503952,
            "energy_band": {
                "low": 0.0419972538948,
                "middle_low": 0.0121287666261,
                "middle_high": 0.00826210528612,
                "high": 0.00246016378514
            },
            "x0": 1597200,
            "avg_mood": 0.706472218037,
            "avg_bpm": 124.04724884
        },
        "13": {
            "x1": 1863400,
            "strong_peak": 0.730524837971,
            "energy_band": {
                "low": 0.0404925942421,
                "middle_low": 0.00875577889383,
                "middle_high": 0.00575600098819,
                "high": 0.00252616149373
            },
            "x0": 1730300,
            "avg_mood": 0.995438992977,
            "avg_bpm": 121.616088867
        },
        "14": {
            "x1": 1996500,
            "strong_peak": 1.23481583595,
            "energy_band": {
                "low": 0.0397607572377,
                "middle_low": 0.0096150925383,
                "middle_high": 0.0107909385115,
                "high": 0.0037542085629
            },
            "x0": 1863400,
            "avg_mood": 0.956975460052,
            "avg_bpm": 108.811393738
        },
        "15": {
            "x1": 2129600,
            "strong_peak": 0.778927087784,
            "energy_band": {
                "low": 0.0287073943764,
                "middle_low": 0.0114737926051,
                "middle_high": 0.00666601536795,
                "high": 0.00233591208234
            },
            "x0": 1996500,
            "avg_mood": 0.642373085022,
            "avg_bpm": 111.15196228
        },
        "16": {
            "x1": 2262700,
            "strong_peak": 0.790945410728,
            "energy_band": {
                "low": 0.0395705625415,
                "middle_low": 0.00848405156285,
                "middle_high": 0.00631820643321,
                "high": 0.0023627365008
            },
            "x0": 2129600,
            "avg_mood": 0.883970022202,
            "avg_bpm": 121.616088867
        },
        "17": {
            "x1": 2395800,
            "strong_peak": 0.737952053547,
            "energy_band": {
                "low": 0.0332713536918,
                "middle_low": 0.0113940862939,
                "middle_high": 0.00789798703045,
                "high": 0.0023157929536
            },
            "x0": 2262700,
            "avg_mood": 0.940306246281,
            "avg_bpm": 121.616104126
        },
        "18": {
            "x1": 2528900,
            "strong_peak": 0.871121227741,
            "energy_band": {
                "low": 0.0401856414974,
                "middle_low": 0.0115379411727,
                "middle_high": 0.00745015544817,
                "high": 0.00239893049002
            },
            "x0": 2395800,
            "avg_mood": 0.967758536339,
            "avg_bpm": 123.647094727
        },