{
    "wave": {
        "0": {
            "x1": 133100,
            "strong_peak": 1.20321500301,
            "avg_bpm": 162.801437378,
            "avg_mood": 0.0668392628431,
            "x0": 0,
            "energy_band": {
                "low": 7.12777255103e-05,
                "middle_low": 0.0164348501712,
                "middle_high": 0.00230926577933,
                "high": 9.90451644611e-06
            }
        },
        "1": {
            "x1": 266200,
            "strong_peak": 1.12426948547,
            "avg_bpm": 109.981681824,
            "avg_mood": 0.275777101517,
            "x0": 133100,
            "energy_band": {
                "low": 0.0586218833923,
                "middle_low": 0.0212140381336,
                "middle_high": 0.00457256985828,
                "high": 0.000383834441891
            }
        },
        "2": {
            "x1": 399300,
            "strong_peak": 1.1480396986,
            "avg_bpm": 109.408988953,
            "avg_mood": 0.17845633626,
            "x0": 266200,
            "energy_band": {
                "low": 0.0703206583858,
                "middle_low": 0.0167093332857,
                "middle_high": 0.0043723625131,
                "high": 0.000169729144545
            }
        },
        "3": {
            "x1": 532400,
            "strong_peak": 1.31548976898,
            "avg_bpm": 164.103851318,
            "avg_mood": 0.417610436678,
            "x0": 399300,
            "energy_band": {
                "low": 0.0791657343507,
                "middle_low": 0.020248780027,
                "middle_high": 0.00530056562275,
                "high": 0.000206294236705
            }
        },
        "4": {
            "x1": 665500,
            "strong_peak": 1.18370735645,
            "avg_bpm": 134.604309082,
            "avg_mood": 0.97136425972,
            "x0": 532400,
            "energy_band": {
                "low": 0.0579145811498,
                "middle_low": 0.0196194052696,
                "middle_high": 0.00477346032858,
                "high": 0.000244111113716
            }
        },
        "5": {
            "x1": 798600,
            "strong_peak": 1.1131452322,
            "avg_bpm": 80.1283721924,
            "avg_mood": 0.929715156555,
            "x0": 665500,
            "energy_band": {
                "low": 0.0573684498668,
                "middle_low": 0.0145540433004,
                "middle_high": 0.00472678616643,
                "high": 0.000380035198759
            }
        },
        "6": {
            "x1": 931700,
            "strong_peak": 1.21755480766,
            "avg_bpm": 106.018074036,
            "avg_mood": 0.640697062016,
            "x0": 798600,
            "energy_band": {
                "low": 0.0811966136098,
                "middle_low": 0.0197441466153,
                "middle_high": 0.00402378756553,
                "high": 0.00037983636139
            }
        },
        "7": {
            "x1": 1064800,
            "strong_peak": 0.974556982517,
            "avg_bpm": 147.65625,
            "avg_mood": 0.233332708478,
            "x0": 931700,
            "energy_band": {
                "low": 0.0648651495576,
                "middle_low": 0.0193688161671,
                "middle_high": 0.00327728991397,
                "high": 0.000163594449987
            }
        },
        "8": {
            "x1": 1197900,
            "strong_peak": 1.02436828613,
            "avg_bpm": 109.956787109,
            "avg_mood": 0.867237329483,
            "x0": 1064800,
            "energy_band": {
                "low": 0.0284005515277,
                "middle_low": 0.0188036765903,
                "middle_high": 0.0036635408178,
                "high": 0.000405413389672
            }
        },
        "9": {
            "x1": 1331000,
            "strong_peak": 0.963076531887,
            "avg_bpm": 151.999069214,
            "avg_mood": 0.577602207661,
            "x0": 1197900,
            "energy_band": {
                "low": 0.0135465348139,
                "middle_low": 0.0189339444041,
                "middle_high": 0.00274952594191,
                "high": 0.000413317786297
            }
        },
        "10": {
            "x1": 1464100,
            "strong_peak": 0.810873687267,
            "avg_bpm": 103.386955261,
            "avg_mood": 0.365813225508,
            "x0": 1331000,
            "energy_band": {
                "low": 0.0122898789123,
                "middle_low": 0.0175689645112,
                "middle_high": 0.00193940091413,
                "high": 0.000331603601808
            }
        },
        "11": {
            "x1": 1597200,
            "strong_peak": 0.973160743713,
            "avg_bpm": 120.217842102,
            "avg_mood": 0.259428292513,
            "x0": 1464100,
            "energy_band": {
                "low": 0.0192197784781,
                "middle_low": 0.0201597884297,
                "middle_high": 0.00179293379188,
                "high": 0.000395862443838
            }
        },
        "12": {
            "x1": 1730300,
            "strong_peak": 1.24354302883,
            "avg_bpm": 130.303482056,
            "avg_mood": 0.638505220413,
            "x0": 1597200,
            "energy_band": {
                "low": 0.00652509694919,
                "middle_low": 0.0153132099658,
                "middle_high": 0.00395370414481,
                "high": 0.000352614064468
            }
        },
        "13": {
            "x1": 1863400,
            "strong_peak": 1.36848497391,
            "avg_bpm": 139.725891113,
            "avg_mood": 0.436640769243,
            "x0": 1730300,
            "energy_band": {
                "low": 0.0105283008888,
                "middle_low": 0.0154700316489,
                "middle_high": 0.00668725837022,
                "high": 0.000260109925875
            }
        },
        "14": {
            "x1": 1996500,
            "strong_peak": 1.41390502453,
            "avg_bpm": 172.265625,
            "avg_mood": 0.990705192089,
            "x0": 1863400,
            "energy_band": {
                "low": 0.00720508163795,
                "middle_low": 0.0188052505255,
                "middle_high": 0.0049644773826,
                "high": 0.000411384069594
            }
        },
        "15": {
            "x1": 2129600,
            "strong_peak": 1.26126265526,
            "avg_bpm": 119.502441406,
            "avg_mood": 0.864390552044,
            "x0": 1996500,
            "energy_band": {
                "low": 0.0152012705803,
                "middle_low": 0.0191392432898,
                "middle_high": 0.00474521191791,
                "high": 0.000588226423133
            }
        },
        "16": {
            "x1": 2262700,
            "strong_peak": 0.929492950439,
            "avg_bpm": 100.35836792,
            "avg_mood": 0.917409360409,
            "x0": 2129600,
            "energy_band": {
                "low": 0.0107591049746,
                "middle_low": 0.0160628464073,
                "middle_high": 0.00369383418001,
                "high": 0.00073562603211
            }
        },
        "17": {
            "x1": 2395800,
            "strong_peak": 1.29441070557,
            "avg_bpm": 122.331481934,
            "avg_mood": 0.924760401249,
            "x0": 2262700,
            "energy_band": {
                "low": 0.00874645728618,
                "middle_low": 0.0161253605038,
                "middle_high": 0.00279393955134,
                "high": 0.000506038311869
            }
        },
        "18": {
            "x1": 2528900,
            "strong_peak": 1.04959797859,
            "avg_bpm": 162.801422119,
            "avg_mood": 0.902511835098,
            "x0": 2395800,
            "energy_band": {
                "low": 0.0072038914077,
                "middle_low": 0.0133701842278,
                "middle_high": 0.0028520913329,
                "high": 7.23048942746e-05
            }
        },