{
    "metadata": {
        "filename": "roc01",
        "sample_rate": 44100
    },
    "wave": {
        "0": {
            "energy_band": {
                "middle_low": 0.00495421420783,
                "middle_high": 0.00872407946736,
                "high": 0.000643678708002,
                "low": 0.00996196363121
            },
            "x0": 0,
            "strong_peak": 0.694024920464,
            "avg_bpm": 121.616096497,
            "x1": 133100,
            "avg_mood": 0.616336524487
        },
        "1": {
            "energy_band": {
                "middle_low": 0.00558189675212,
                "middle_high": 0.0105102993548,
                "high": 0.00070996559225,
                "low": 0.0128958662972
            },
            "x0": 133100,
            "strong_peak": 0.834481775761,
            "avg_bpm": 92.28515625,
            "x1": 266200,
            "avg_mood": 0.843137264252
        },
        "2": {
            "energy_band": {
                "middle_low": 0.00467262137681,
                "middle_high": 0.0107072722167,
                "high": 0.000657558965031,
                "low": 0.0135637288913
            },
            "x0": 266200,
            "strong_peak": 0.713537275791,
            "avg_bpm": 184.5703125,
            "x1": 399300,
            "avg_mood": 0.952011108398
        },
        "3": {
            "energy_band": {
                "middle_low": 0.00468049710616,
                "middle_high": 0.0102719636634,
                "high": 0.000657962751575,
                "low": 0.0124139413238
            },
            "x0": 399300,
            "strong_peak": 0.615495502949,
            "avg_bpm": 92.8444595337,
            "x1": 532400,
            "avg_mood": 0.849025428295
        },
        "4": {
            "energy_band": {
                "middle_low": 0.005314365495,
                "middle_high": 0.0106630986556,
                "high": 0.000593227974605,
                "low": 0.0157543756068
            },
            "x0": 532400,
            "strong_peak": 0.9925583601,
            "avg_bpm": 184.570358276,
            "x1": 665500,
            "avg_mood": 0.844421327114
        },
        "5": {
            "energy_band": {
                "middle_low": 0.0039641209878,
                "middle_high": 0.0147427823395,
                "high": 0.00116664450616,
                "low": 0.01183791738
            },
            "x0": 665500,
            "strong_peak": 1.51918375492,
            "avg_bpm": 172.265625,
            "x1": 798600,
            "avg_mood": 0.999849259853
        },
        "6": {
            "energy_band": {
                "middle_low": 0.00361965876073,
                "middle_high": 0.0161293782294,
                "high": 0.000760568771511,
                "low": 0.0122455051169
            },
            "x0": 798600,
            "strong_peak": 2.45955705643,
            "avg_bpm": 184.5703125,
            "x1": 931700,
            "avg_mood": 0.913066923618
        },
        "7": {
            "energy_band": {
                "middle_low": 0.013300139457,
                "middle_high": 0.0130551401526,
                "high": 0.000611320312601,
                "low": 0.024150935933
            },
            "x0": 931700,
            "strong_peak": 0.448776483536,
            "avg_bpm": 184.5703125,
            "x1": 1064800,
            "avg_mood": 0.986787259579
        },
        "8": {
            "energy_band": {
                "middle_low": 0.0182634443045,
                "middle_high": 0.0120415082201,
                "high": 0.00027418875834,
                "low": 0.0239727888256
            },
            "x0": 1064800,
            "strong_peak": 0.896571755409,
            "avg_bpm": 94.5430908203,
            "x1": 1197900,
            "avg_mood": 0.820937991142
        },
        "9": {
            "energy_band": {
                "middle_low": 0.0175940897316,
                "middle_high": 0.0103823142126,
                "high": 0.000142159944517,
                "low": 0.0363744497299
            },
            "x0": 1197900,
            "strong_peak": 0.806578755379,
            "avg_bpm": 172.265655518,
            "x1": 1331000,
            "avg_mood": 0.994937419891
        },
        "10": {
            "energy_band": {
                "middle_low": 0.014835701324,
                "middle_high": 0.012389366515,
                "high": 0.000185725686606,
                "low": 0.0299815554172
            },
            "x0": 1331000,
            "strong_peak": 1.02355802059,
            "avg_bpm": 184.5703125,
            "x1": 1464100,
            "avg_mood": 0.475776135921
        },
        "11": {
            "energy_band": {
                "middle_low": 0.00388005399145,
                "middle_high": 0.00860818754882,
                "high": 0.00137165363412,
                "low": 0.00932827219367
            },
            "x0": 1464100,
            "strong_peak": 0.819567143917,
            "avg_bpm": 191.406234741,
            "x1": 1597200,
            "avg_mood": 0.796853601933
        },
        "12": {
            "energy_band": {
                "middle_low": 0.00471126707271,
                "middle_high": 0.012918789871,
                "high": 0.00189374631736,
                "low": 0.012599689886
            },
            "x0": 1597200,
            "strong_peak": 1.70108795166,
            "avg_bpm": 184.5703125,
            "x1": 1730300,
            "avg_mood": 0.710333347321
        },
        "13": {
            "energy_band": {
                "middle_low": 0.00825303047895,
                "middle_high": 0.00942194927484,
                "high": 0.00218749186024,
                "low": 0.0222774446011
            },
            "x0": 1730300,
            "strong_peak": 0.296692967415,
            "avg_bpm": 184.5703125,
            "x1": 1863400,
            "avg_mood": 0.999728918076
        },
        "14": {
            "energy_band": {
                "middle_low": 0.00533328484744,
                "middle_high": 0.00840626005083,
                "high": 0.00173280015588,
                "low": 0.0144473556429
            },
            "x0": 1863400,
            "strong_peak": 0.625053822994,
            "avg_bpm": 92.8640975952,
            "x1": 1996500,
            "avg_mood": 0.542685091496
        },
        "15": {
            "energy_band": {
                "middle_low": 0.00511935213581,
                "middle_high": 0.0125183640048,
                "high": 0.0015064375475,
                "low": 0.0110801421106
            },
            "x0": 1996500,
            "strong_peak": 1.24810934067,
            "avg_bpm": 95.703125,
            "x1": 2129600,
            "avg_mood": 0.894204080105
        },
        "16": {
            "energy_band": {
                "middle_low": 0.00549551052973,
                "middle_high": 0.00979975052178,
                "high": 0.00122891634237,
                "low": 0.0126984231174
            },
            "x0": 2129600,
            "strong_peak": 0.437936156988,
            "avg_bpm": 191.406265259,
            "x1": 2262700,
            "avg_mood": 0.917492747307
        },
        "17": {
            "energy_band": {
                "middle_low": 0.0129234371707,
                "middle_high": 0.00726528931409,
                "high": 0.000776327156927,
                "low": 0.0204938463867
            },
            "x0": 2262700,
            "strong_peak": 0.942133069038,
            "avg_bpm": 166.70866394,
            "x1": 2395800,
            "avg_mood": 0.946465969086
        },
        "18": {
            "energy_band": {
                "middle_low": 0.00537460763007,
                "middle_high": 0.00875878240913,
                "high": 0.001466589747,
                "low": 0.0182085428387
            },
            "x0": 2395800,
            "strong_peak": 0.300831705332,
            "avg_bpm": 99.4207839966,