{
    "wave": {
        "0": {
            "avg_mood": 0.513130128384,
            "strong_peak": 0.533243179321,
            "energy_band": {
                "middle_low": 0.0141253359616,
                "middle_high": 0.00166315457318,
                "low": 0.00500722276047,
                "high": 0.000811132485978
            },
            "x0": 0,
            "avg_bpm": 156.605102539,
            "x1": 134144
        },
        "1": {
            "avg_mood": 0.961575806141,
            "strong_peak": 0.690385103226,
            "energy_band": {
                "middle_low": 0.0218707863241,
                "middle_high": 0.00167001062073,
                "low": 0.0069014634937,
                "high": 0.000734801404178
            },
            "x0": 134144,
            "avg_bpm": 163.582885742,
            "x1": 268288
        },
        "2": {
            "avg_mood": 0.612166106701,
            "strong_peak": 0.747826516628,
            "energy_band": {
                "middle_low": 0.0180413480848,
                "middle_high": 0.00202819146216,
                "low": 0.00811679568142,
                "high": 0.000681422592606
            },
            "x0": 268288,
            "avg_bpm": 164.475967407,
            "x1": 402432
        },
        "3": {
            "avg_mood": 0.413790941238,
            "strong_peak": 0.724091351032,
            "energy_band": {
                "middle_low": 0.0219579227269,
                "middle_high": 0.00172462675255,
                "low": 0.00855183601379,
                "high": 0.000547783391085
            },
            "x0": 402432,
            "avg_bpm": 161.499038696,
            "x1": 536576
        },
        "4": {
            "avg_mood": 0.987799525261,
            "strong_peak": 0.574552953243,
            "energy_band": {
                "middle_low": 0.0181919839233,
                "middle_high": 0.00137105374597,
                "low": 0.00740083958954,
                "high": 0.000587369257119
            },
            "x0": 536576,
            "avg_bpm": 161.499038696,
            "x1": 670720
        },
        "5": {
            "avg_mood": 0.539773583412,
            "strong_peak": 0.741135418415,
            "energy_band": {
                "middle_low": 0.0139031866565,
                "middle_high": 0.00177832425106,
                "low": 0.00614328263327,
                "high": 0.000579403887969
            },
            "x0": 670720,
            "avg_bpm": 161.499023438,
            "x1": 804864
        },
        "6": {
            "avg_mood": 0.99502569437,
            "strong_peak": 0.884742438793,
            "energy_band": {
                "middle_low": 0.0189922470599,
                "middle_high": 0.00336466776207,
                "low": 0.00635741930455,
                "high": 0.000709161104169
            },
            "x0": 804864,
            "avg_bpm": 163.582885742,
            "x1": 939008
        },
        "7": {
            "avg_mood": 0.654279112816,
            "strong_peak": 0.880278766155,
            "energy_band": {
                "middle_low": 0.0195788573474,
                "middle_high": 0.00282496260479,
                "low": 0.00720221176744,
                "high": 0.00064132665284
            },
            "x0": 939008,
            "avg_bpm": 162.540939331,
            "x1": 1073152
        },
        "8": {
            "avg_mood": 0.0147643620148,
            "strong_peak": 0.540738105774,
            "energy_band": {
                "middle_low": 0.0176886841655,
                "middle_high": 0.00184124882799,
                "low": 0.00614207051694,
                "high": 0.000550697208382
            },
            "x0": 1073152,
            "avg_bpm": 161.499038696,
            "x1": 1207296
        },
        "9": {
            "avg_mood": 0.954380869865,
            "strong_peak": 1.23875653744,
            "energy_band": {
                "middle_low": 0.0165260415524,
                "middle_high": 0.00540348235518,
                "low": 0.00474517140538,
                "high": 0.000727371487301
            },
            "x0": 1207296,
            "avg_bpm": 161.499023438,
            "x1": 1341440
        },
        "10": {
            "avg_mood": 0.906244635582,
            "strong_peak": 0.838575065136,
            "energy_band": {
                "middle_low": 0.0185345020145,
                "middle_high": 0.00267507857643,
                "low": 0.00489838700742,
                "high": 0.000689329986926
            },
            "x0": 1341440,
            "avg_bpm": 162.367294312,
            "x1": 1475584
        },
        "11": {
            "avg_mood": 0.3137357831,
            "strong_peak": 0.650662958622,
            "energy_band": {
                "middle_low": 0.0190081596375,
                "middle_high": 0.00223945337348,
                "low": 0.0081347245723,
                "high": 0.00119502970483
            },
            "x0": 1475584,
            "avg_bpm": 161.499023438,
            "x1": 1609728
        },
        "12": {
            "avg_mood": 0.828495502472,
            "strong_peak": 1.28513920307,
            "energy_band": {
                "middle_low": 0.016943257302,
                "middle_high": 0.00407081469893,
                "low": 0.0043531851843,
                "high": 0.000850944721606
            },
            "x0": 1609728,
            "avg_bpm": 156.605117798,
            "x1": 1743872
        },
        "13": {
            "avg_mood": 0.870135426521,
            "strong_peak": 0.811775863171,
            "energy_band": {
                "middle_low": 0.019433112815,
                "middle_high": 0.00188026332762,
                "low": 0.00609310250729,
                "high": 0.00132481264882
            },
            "x0": 1743872,
            "avg_bpm": 156.605117798,
            "x1": 1878016
        },
        "14": {
            "avg_mood": 0.00336523773149,
            "strong_peak": 0.613656878471,
            "energy_band": {
                "middle_low": 0.0196974650025,
                "middle_high": 0.00242885807529,
                "low": 0.00730441696942,
                "high": 0.000897443504073
            },
            "x0": 1878016,
            "avg_bpm": 154.302093506,
            "x1": 2012160
        },
        "15": {
            "avg_mood": 0.896980762482,
            "strong_peak": 1.02513849735,
            "energy_band": {
                "middle_low": 0.015516705811,
                "middle_high": 0.00254987389781,
                "low": 0.00439142761752,
                "high": 0.000846947950777
            },
            "x0": 2012160,
            "avg_bpm": 161.499023438,
            "x1": 2146304
        },
        "16": {
            "avg_mood": 0.841553747654,
            "strong_peak": 1.28891026974,
            "energy_band": {
                "middle_low": 0.0199181474745,
                "middle_high": 0.00369043857791,
                "low": 0.00499603105709,
                "high": 0.000618701102212
            },
            "x0": 2146304,
            "avg_bpm": 163.235580444,
            "x1": 2280448
        },
        "17": {
            "avg_mood": 0.848460972309,
            "strong_peak": 1.09316778183,
            "energy_band": {
                "middle_low": 0.0140628516674,
                "middle_high": 0.00754180364311,
                "low": 0.00343528273515,
                "high": 0.000956238131039
            },
            "x0": 2280448,
            "avg_bpm": 166.708679199,
            "x1": 2414592
        },
        "18": {
            "avg_mood": 0.940445721149,
            "strong_peak": 0.930151104927,
            "energy_band": {
                "middle_low": 0.0208678562194,
                "middle_high": 0.00951371621341,
                "low": 0.00598415965214,
                "high": 0.000765404023696
            },
            "x0": 2414592,
            "avg_bpm": 164.103851318,