{
    "glyphs": {
        "mood": {
            "value": 0.363873332739
        },
        "genre": {
            "value": "rb",
            "probability": 0.614658117294
        },
        "bpm": {
            "bpm": 147.619110107,
            "value": "fast"
        },
        "instrument": {
            "value": "voice",
            "probability": 0.827864170074
        },
        "danceability": {
            "value": "danceable",
            "probability": 1.48979389668
        }
    },
    "metadata": {
        "sample_rate": 44100,
        "filename": "wor01"
    },
    "wave": {
        "0": {
            "avg_mood": 0.808057367802,
            "x1": 133100,
            "strong_peak": 1.19606912136,
            "energy_band": {
                "middle_high": 0.00222969497554,
                "high": 0.000158050374012,
                "middle_low": 0.0173326097429,
                "low": 0.00314444163814
            },
            "avg_bpm": 129.19921875,
            "x0": 0
        },
        "1": {
            "avg_mood": 0.0495907366276,
            "x1": 266200,
            "strong_peak": 0.802870213985,
            "energy_band": {
                "middle_high": 0.00118381239008,
                "high": 0.000321691215504,
                "middle_low": 0.0158111732453,
                "low": 0.00780653581023
            },
            "avg_bpm": 139.725891113,
            "x0": 133100
        },
        "2": {
            "avg_mood": 0.75564289093,
            "x1": 399300,
            "strong_peak": 0.697592258453,
            "energy_band": {
                "middle_high": 0.00203106645495,
                "high": 0.000568791176192,
                "middle_low": 0.0152527689934,
                "low": 0.00568538950756
            },
            "avg_bpm": 139.725875854,
            "x0": 266200
        },
        "3": {
            "avg_mood": 0.978519320488,
            "x1": 532400,
            "strong_peak": 1.10074460506,
            "energy_band": {
                "middle_high": 0.00234152353369,
                "high": 0.000466093450086,
                "middle_low": 0.0188634991646,
                "low": 0.0045807142742
            },
            "avg_bpm": 143.610107422,
            "x0": 399300
        },
        "4": {
            "avg_mood": 0.816676616669,
            "x1": 665500,
            "strong_peak": 1.4105809927,
            "energy_band": {
                "middle_high": 0.00350968237035,
                "high": 0.000458716443973,
                "middle_low": 0.0151105625555,
                "low": 0.00800030305982
            },
            "avg_bpm": 142.584732056,
            "x0": 532400
        },
        "5": {
            "avg_mood": 0.59479123354,
            "x1": 798600,
            "strong_peak": 1.36759924889,
            "energy_band": {
                "middle_high": 0.00385259906761,
                "high": 0.000337315083016,
                "middle_low": 0.0195476841182,
                "low": 0.00443775439635
            },
            "avg_bpm": 142.584716797,
            "x0": 665500
        },
        "6": {
            "avg_mood": 0.989550471306,
            "x1": 931700,
            "strong_peak": 1.23649024963,
            "energy_band": {
                "middle_high": 0.00177500408608,
                "high": 0.000353661016561,
                "middle_low": 0.0172510147095,
                "low": 0.00252151652239
            },
            "avg_bpm": 145.60546875,
            "x0": 798600
        },
        "7": {
            "avg_mood": 0.717735350132,
            "x1": 1064800,
            "strong_peak": 1.37133431435,
            "energy_band": {
                "middle_high": 0.00286804628558,
                "high": 0.000479202804854,
                "middle_low": 0.0159551184624,
                "low": 0.0040838601999
            },
            "avg_bpm": 143.554672241,
            "x0": 931700
        },
        "8": {
            "avg_mood": 0.938993811607,
            "x1": 1197900,
            "strong_peak": 1.26563084126,
            "energy_band": {
                "middle_high": 0.000747522397432,
                "high": 0.000407852669014,
                "middle_low": 0.017417088151,
                "low": 0.00314350030385
            },
            "avg_bpm": 148.380050659,
            "x0": 1064800
        },
        "9": {
            "avg_mood": 0.984609782696,
            "x1": 1331000,
            "strong_peak": 1.08957183361,
            "energy_band": {
                "middle_high": 0.000956663396209,
                "high": 0.000389413908124,
                "middle_low": 0.0244393665344,
                "low": 0.00735678337514
            },
            "avg_bpm": 144.921890259,
            "x0": 1197900
        },
        "10": {
            "avg_mood": 0.965645670891,
            "x1": 1464100,
            "strong_peak": 1.01037490368,
            "energy_band": {
                "middle_high": 0.00209176284261,
                "high": 0.000433090201113,
                "middle_low": 0.0220353640616,
                "low": 0.010734140873
            },
            "avg_bpm": 145.1953125,
            "x0": 1331000
        },
        "11": {
            "avg_mood": 0.780088543892,
            "x1": 1597200,
            "strong_peak": 0.998388767242,
            "energy_band": {
                "middle_high": 0.0020091063343,
                "high": 0.000656373915263,
                "middle_low": 0.0183059237897,
                "low": 0.00593654764816
            },
            "avg_bpm": 154.76272583,
            "x0": 1464100
        },
        "12": {
            "avg_mood": 0.826008915901,
            "x1": 1730300,
            "strong_peak": 1.25979971886,
            "energy_band": {
                "middle_high": 0.00296897091903,
                "high": 0.000704786623828,
                "middle_low": 0.018020581454,
                "low": 0.00876831728965
            },
            "avg_bpm": 147.716552734,
            "x0": 1597200
        },
        "13": {
            "avg_mood": 0.989352166653,
            "x1": 1863400,
            "strong_peak": 1.35295605659,
            "energy_band": {
                "middle_high": 0.00221981690265,
                "high": 0.000471485895105,
                "middle_low": 0.0185831040144,
                "low": 0.0051255566068
            },
            "avg_bpm": 144.921875,
            "x0": 1730300
        },
        "14": {
            "avg_mood": 0.89689719677,
            "x1": 1996500,
            "strong_peak": 1.55280339718,
            "energy_band": {
                "middle_high": 0.00311612104997,
                "high": 0.000549753021915,
                "middle_low": 0.0195966474712,
                "low": 0.00351956812665
            },
            "avg_bpm": 152.810623169,
            "x0": 1863400
        },
        "15": {
            "avg_mood": 0.683706700802,
            "x1": 2129600,
            "strong_peak": 1.87750029564,
            "energy_band": {
                "middle_high": 0.0061803702265,
                "high": 0.000943444494624,
                "middle_low": 0.0127339269966,
                "low": 0.00418305909261
            },
            "avg_bpm": 140.644805908,
            "x0": 1996500
        },
        "16": {
            "avg_mood": 0.906117022038,
            "x1": 2262700,
            "strong_peak": 1.73278415203,
            "energy_band": {
                "middle_high": 0.00543342204764,
                "high": 0.000530093617272,
                "middle_low": 0.015813851729,
                "low": 0.003330163192
            },
            "avg_bpm": 144.921875,
            "x0": 2129600
        },
        "17": {
            "avg_mood": 0.781567752361,
            "x1": 2395800,
            "strong_peak": 1.13846385479,
            "energy_band": {
                "middle_high": 0.00277322670445,
                "high": 0.000315490673529,