{
    "metadata": {
        "sample_rate": 44100,
        "filename": "03 - She's My Baby"
    },
    "samples": [
        -3.0517578125e-05,
        -0.0162506103515625,
        -0.00555419921875,
        0.173614501953125,
        -0.0477142333984375,
        -0.0205841064453125,
        -0.2445220947265625,
        -0.1473846435546875,
        -0.0095977783203125,
        0.0127716064453125,
        0.0027923583984375,
        0.0819244384765625,
        -0.1878204345703125,
        -0.0913238525390625,
        -0.0264892578125,
        0.0269927978515625,
        0.0820770263671875,
        -0.0255279541015625,
        -0.4411163330078125,
        0.006927490234375,
        -0.01910400390625,
        0.2456512451171875,
        -0.1780548095703125,
        0.057952880859375,
        -0.119110107421875,
        -0.1410675048828125,
        -0.005706787109375,
        -0.007232666015625,
        0.0054168701171875,
        0.1015625,
        -0.0892181396484375,
        0.1648406982421875,
        -0.005462646484375,
        -0.0692901611328125,
        -0.1080780029296875,
        0.2071075439453125,
        -0.0321807861328125,
        0.01959228515625,
        0.0374298095703125,
        -0.01715087890625,
        -0.1991119384765625,
        -0.0159912109375,
        0.1231689453125,
        -0.1969451904296875,
        0.070770263671875,
        0.014617919921875,
        0.12750244140625,
        0.036651611328125,
        0.017578125,
        -0.174896240234375,
        -0.001495361328125,
        -0.146759033203125,
        0.100982666015625,
        0.0041656494140625,
        -0.1059722900390625,
        0.0196685791015625,
        -0.06982421875,
        0.0030975341796875,
        0.035369873046875,
        0.1217803955078125,
        0.0354766845703125,
        -0.08935546875,
        -0.0683135986328125,
        0.0571136474609375,
        0.116119384765625,
        0.072418212890625,
        0.1075592041015625,
        0.009063720703125,
        -0.0643463134765625,
        -0.1805572509765625,
        -0.1230010986328125,
        -0.1548614501953125,
        0.0192413330078125,
        0.0095367431640625,
        0.0266571044921875,
        -0.0182952880859375,
        -0.15765380859375,
        0.132843017578125,
        0.0136871337890625,
        0.1899261474609375,
        -0.0032196044921875,
        -0.0222320556640625,
        0.12249755859375,
        -0.0022125244140625,
        0.0372314453125,
        0.1151580810546875,
        0.207489013671875,
        -0.05853271484375,
        0.0537567138671875,
        -0.110992431640625,
        -0.0051116943359375,
        0.012969970703125,
        0.2106781005859375,
        -0.2804412841796875,
        -0.034088134765625,
        0.20111083984375,
        0.108428955078125,
        0.0552215576171875,
        -0.0242767333984375,
        0.2441558837890625,
        -0.0261993408203125,
        -0.0393524169921875,
        0.004425048828125,
        0.3791046142578125,
        0.0057830810546875,
        -0.0166473388671875,
        0.2488555908203125,
        0.0233154296875,
        -0.0750274658203125,
        -0.01904296875,
        0.017578125,
        0.010101318359375,
        -0.00042724609375,
        0.0729827880859375,
        -0.2051239013671875,
        0.046173095703125,
        -0.111480712890625,
        -0.144012451171875,
        0.0832366943359375,
        -0.3317718505859375,
        -0.0055999755859375,
        0.015411376953125,
        -0.010284423828125,
        -0.279266357421875,
        0.200408935546875,
        -1.52587890625e-05,
        -0.3154296875,
        -0.0210113525390625,
        0.019805908203125,
        -0.0614776611328125,
        0.0495452880859375,
        0.102294921875,
        -0.02557373046875,
        -0.16650390625,
        -0.01336669921875,
        0.035308837890625,
        0.1296539306640625,
        0.0009613037109375,
        -0.0068206787109375,
        -0.003814697265625,
        0.128631591796875,
        -0.157623291015625,
        -0.0132293701171875,
        -0.109283447265625,
        0.012237548828125,
        0.128204345703125,
        0.00604248046875,
        0.130950927734375,
        -0.05364990234375,
        0.01165771484375,
        0.2347869873046875,
        0.039215087890625,
        -0.033905029296875,
        -0.003570556640625,
        -0.0172882080078125,
        -0.052764892578125,
        -0.3494720458984375,
        0.02099609375,
        -0.043365478515625,
        0.1598052978515625,
        -0.0041961669921875,
        0.13690185546875,
        -0.0206756591796875,
        -0.10455322265625,
        -0.0075531005859375,
        -0.024200439453125,
        0.0968170166015625,
        0.0055389404296875,
        -0.0057525634765625,
        0.0352630615234375,
        0.0186920166015625,
        0.1004486083984375,
        0.06036376953125,
        0.0295257568359375,
        -0.0440216064453125,
        -0.00225830078125,
        -0.0159912109375,
        0.1732177734375,
        0.0617828369140625,
        0.227752685546875,
        -0.0047607421875,
        0.0032806396484375,
        -0.1146087646484375,
        -0.01275634765625,
        -0.0011749267578125,
        0.0106658935546875,
        -0.1024627685546875,
        0.0316009521484375,
        0.00140380859375,
        0.094757080078125,
        -0.079254150390625,
        0.4544219970703125,
        0.0472869873046875,
        0.009033203125,
        0.0006103515625,
        0.013092041015625,
        -0.0752105712890625,
        -0.0435028076171875,
        -0.14959716796875,
        -0.0495758056640625,
        0.036834716796875,
        0.0255279541015625,
        -0.0259857177734375,
        0.006805419921875,
        0.0319366455078125,
        0.0360565185546875,
        0.0337066650390625,
        0.0393829345703125,
        0.02667236328125,
        -0.184478759765625,
        0.0206298828125,
        -0.02520751953125,
        -0.0348052978515625,
        -0.0643768310546875,
        -0.0620269775390625,
        -0.00970458984375,
        0.0437164306640625,
        0.251190185546875,
        0.0202484130859375,
        -0.0478973388671875,
        -0.0786285400390625,
        0.025421142578125,
        -0.11053466796875,
        -0.0705718994140625,
        0.011383056640625,
        0.0913543701171875,
        -0.0227508544921875,
        0.276763916015625,
        -0.267974853515625,
        -0.0231170654296875,
        -0.050506591796875,
        -0.0295867919921875,
        -0.0665740966796875,
        -0.0542449951171875,
        -0.0299224853515625,
        0.1781768798828125,
        -0.30194091796875,
        -0.0161590576171875,
        -0.0226593017578125,
        0.0001983642578125,
        -0.217926025390625,
        0.1118621826171875,
        -0.04534912109375,
        0.12152099609375,
        0.00592041015625,
        -0.03997802734375,
        -0.0787506103515625,
        0.006378173828125,
        0.0448760986328125,
        0.1291046142578125,
        -0.000885009765625,
        -0.0025634765625,
        0.0052337646484375,
        0.005126953125,
        0.0003509521484375,
        0.003173828125
    ],
    "wave": {
        "0": {
            "x1": 414981,
            "x0": 0,
            "energy_band": {
                "high": 0.000166435624124,
                "middle_high": 0.00528772734106,
                "middle_low": 0.0129118869081,
                "low": 0.00938609056175
            },
            "strong_peak": 1.20094645023,
            "avg_bpm": 95.1677246094,
            "avg_mood": 0.296903342009
        },
        "1": {
            "x1": 829962,
            "x0": 414981,
            "energy_band": {
                "high": 0.000134268731927,
                "middle_high": 0.00448462553322,
                "middle_low": 0.0164019484073,
                "low": 0.0105918645859
            },
            "strong_peak": 1.28038430214,
            "avg_bpm": 95.9862747192,