{
    "metadata": {
        "filename": "03 Wonderwall 1",
        "sample_rate": 44100
    },
    "samples": [
        0.000213623046875,
        0.0648040771484375,
        -0.0234375,
        0.0064697265625,
        -0.0308074951171875,
        -0.0138092041015625,
        -0.012359619140625,
        0.0069122314453125,
        0.020172119140625,
        0.008880615234375,
        -0.0131683349609375,
        0.031036376953125,
        0.0091552734375,
        0.0117034912109375,
        0.0069732666015625,
        -0.03546142578125,
        -0.0200042724609375,
        0.04705810546875,
        0.0548858642578125,
        0.0196685791015625,
        -0.0005340576171875,
        -0.00933837890625,
        0.0050201416015625,
        -0.081878662109375,
        0.1191864013671875,
        0.008087158203125,
        -0.05194091796875,
        -0.0203857421875,
        0.1366424560546875,
        -0.070831298828125,
        -0.001434326171875,
        -0.1436920166015625,
        0.00341796875,
        0.225250244140625,
        0.11846923828125,
        -0.0962066650390625,
        -0.087646484375,
        -0.039031982421875,
        -0.1645965576171875,
        -0.0834503173828125,
        -0.02130126953125,
        -0.0809783935546875,
        0.00634765625,
        -0.0395050048828125,
        -0.0107879638671875,
        0.070465087890625,
        -0.05810546875,
        0.165008544921875,
        0.174652099609375,
        -0.1412506103515625,
        0.2928619384765625,
        0.093414306640625,
        0.1264801025390625,
        -0.0227508544921875,
        -0.026153564453125,
        0.3099212646484375,
        0.4536895751953125,
        0.10723876953125,
        -0.1484527587890625,
        -0.226470947265625,
        0.0791168212890625,
        0.103271484375,
        -0.1007080078125,
        0.08648681640625,
        0.29559326171875,
        0.167938232421875,
        0.2650909423828125,
        0.12860107421875,
        -0.05401611328125,
        -0.0808258056640625,
        -0.03564453125,
        0.005401611328125,
        -0.389739990234375,
        0.0397186279296875,
        0.120880126953125,
        -0.1225433349609375,
        -0.1491241455078125,
        -0.1444244384765625,
        0.0666046142578125,
        -0.1427459716796875,
        -0.2216796875,
        -0.108489990234375,
        -0.2873077392578125,
        -0.2139129638671875,
        0.10162353515625,
        0.11297607421875,
        0.1759185791015625,
        0.1325225830078125,
        0.0554046630859375,
        0.0023040771484375,
        0.0441741943359375,
        0.1257476806640625,
        0.0045928955078125,
        -0.01416015625,
        -0.0530853271484375,
        0.130859375,
        -0.20025634765625,
        0.0750732421875,
        -0.3649749755859375,
        0.1183013916015625,
        -0.0311126708984375,
        0.3232421875,
        0.214263916015625,
        0.069732666015625,
        -0.2525787353515625,
        0.088287353515625,
        -0.0333404541015625,
        -0.04443359375,
        -0.0585784912109375,
        0.04302978515625,
        0.021759033203125,
        -0.001617431640625,
        0.0498504638671875,
        -0.040802001953125,
        0.024017333984375,
        0.006988525390625,
        -0.33135986328125,
        0.219940185546875,
        0.0644073486328125,
        0.114410400390625,
        0.54425048828125,
        -0.0765380859375,
        0.1703033447265625,
        -0.212615966796875,
        -0.0371856689453125,
        -0.38482666015625,
        -0.295928955078125,
        0.104156494140625,
        -0.0140228271484375,
        -0.0676116943359375,
        -0.1029052734375,
        0.1697845458984375,
        -0.073150634765625,
        -0.1628265380859375,
        0.08905029296875,
        -0.07647705078125,
        -0.076904296875,
        0.1636962890625,
        0.1319427490234375,
        -0.08740234375,
        -0.066070556640625,
        0.119873046875,
        0.119415283203125,
        -0.2142181396484375,
        -0.2536163330078125,
        -0.2355804443359375,
        -0.1219024658203125,
        -0.016448974609375,
        0.04736328125,
        0.3519439697265625,
        -0.163055419921875,
        -0.0891876220703125,
        -0.0617828369140625,
        0.121612548828125,
        0.1437530517578125,
        0.0793609619140625,
        0.002105712890625,
        -0.21484375,
        -0.096832275390625,
        0.064910888671875,
        0.1478271484375,
        0.1899566650390625,
        0.097259521484375,
        -0.189208984375,
        0.1662445068359375,
        0.3880157470703125,
        -0.0331268310546875,
        0.06396484375,
        -0.0197906494140625,
        -0.0382232666015625,
        -0.2669830322265625,
        -0.196319580078125,
        -0.1605072021484375,
        -0.0939178466796875,
        -0.2039947509765625,
        -0.1648101806640625,
        -0.000396728515625,
        0.3238067626953125,
        -0.2564544677734375,
        0.1245880126953125,
        0.113372802734375,
        0.0448760986328125,
        0.04974365234375,
        0.0091552734375,
        0.2023162841796875,
        -0.3350982666015625,
        0.2140350341796875,
        -0.0617218017578125,
        -0.216796875,
        0.085906982421875,
        -0.0106048583984375,
        -0.1559600830078125,
        -0.1589813232421875,
        -0.00970458984375,
        0.0368499755859375,
        0.050079345703125,
        -0.0049591064453125,
        0.0337066650390625,
        0.03851318359375,
        0.0789337158203125,
        -0.1818695068359375,
        0.1068878173828125,
        0.2357940673828125,
        -0.1091461181640625,
        -0.154266357421875,
        -0.22503662109375,
        0.1764373779296875,
        0.0537261962890625,
        -0.23193359375,
        0.4886932373046875,
        -0.168243408203125,
        0.113250732421875,
        -0.008575439453125,
        0.0877838134765625,
        0.1297454833984375,
        -0.037353515625,
        -0.1105499267578125,
        0.063446044921875,
        -0.2425689697265625,
        -0.086517333984375,
        -0.160369873046875,
        0.0759124755859375,
        0.0736236572265625,
        -0.0163726806640625,
        0.15679931640625,
        0.0394744873046875,
        -0.171600341796875,
        0.248443603515625,
        -0.098297119140625,
        0.1149444580078125,
        -0.0070648193359375,
        -0.319976806640625,
        -0.075164794921875,
        -0.0423126220703125,
        0.0381622314453125,
        0.015960693359375,
        0.167510986328125,
        -0.1051025390625,
        -0.0012359619140625,
        0.1498565673828125,
        0.1307220458984375,
        0.0937957763671875,
        0.0626678466796875,
        -0.0680999755859375,
        -0.131195068359375,
        0.1984710693359375,
        -0.0687255859375,
        -0.1096038818359375,
        -0.0918121337890625,
        0.22454833984375,
        -0.05438232421875,
        0.0635528564453125,
        -0.0056915283203125,
        0.008941650390625,
        0.0021209716796875,
        0.0034027099609375
    ],
    "wave": {
        "0": {
            "avg_mood": 0.084401935339,
            "energy_band": {
                "middle_high": 0.00162350665778,
                "low": 0.00407566083595,
                "middle_low": 0.0195029135793,
                "high": 0.00164913199842
            },
            "strong_peak": 0.636473953724,
            "x0": 0,
            "x1": 570448,
            "avg_bpm": 87.1255645752
        },
        "1": {
            "avg_mood": 0.0546713210642,
            "energy_band": {
                "middle_high": 0.00227777217515,
                "low": 0.000548142998014,
                "middle_low": 0.00723177893087,
                "high": 0.00114369904622
            },
            "strong_peak": 0.693804979324,
            "x0": 570448,
            "x1": 1140896,
            "avg_bpm": 86.4658279419
        },