{
    "wave": {
        "0": {
            "avg_mood": 0.0156646315008,
            "strong_peak": 0.696399450302,
            "energy_band": {
                "middle_high": 8.33242957015e-05,
                "low": 5.77434111619e-05,
                "middle_low": 0.0120037952438,
                "high": 4.09417589253e-05
            },
            "x1": 487510,
            "x0": 0,
            "avg_bpm": 82.0629196167
        },
        "1": {
            "avg_mood": 0.463631242514,
            "strong_peak": 0.772997617722,
            "energy_band": {
                "middle_high": 0.000379813049221,
                "low": 0.000102271551441,
                "middle_low": 0.0144946370274,
                "high": 4.74843254779e-05
            },
            "x1": 975020,
            "x0": 487510,
            "avg_bpm": 82.8026580811
        },
        "2": {
            "avg_mood": 0.724931120872,
            "strong_peak": 1.28304564953,
            "energy_band": {
                "middle_high": 0.00477358093485,
                "low": 0.0729173794389,
                "middle_low": 0.0193522758782,
                "high": 0.000174990651431
            },
            "x1": 1462530,
            "x0": 975020,
            "avg_bpm": 83.159324646
        },
        "3": {
            "avg_mood": 0.441196322441,
            "strong_peak": 1.06121098995,
            "energy_band": {
                "middle_high": 0.00326728867367,
                "low": 0.0534133464098,
                "middle_low": 0.0155553296208,
                "high": 0.000207965407753
            },
            "x1": 1950040,
            "x0": 1462530,
            "avg_bpm": 82.4722747803
        },
        "4": {
            "avg_mood": 0.205559670925,
            "strong_peak": 0.951876103878,
            "energy_band": {
                "middle_high": 0.00292591471225,
                "low": 0.0145016722381,
                "middle_low": 0.019398605451,
                "high": 0.000303325650748
            },
            "x1": 2437550,
            "x0": 1950040,
            "avg_bpm": 155.18788147
        },
        "5": {
            "avg_mood": 0.678783535957,
            "strong_peak": 1.30761373043,
            "energy_band": {
                "middle_high": 0.00508000282571,
                "low": 0.00991715118289,
                "middle_low": 0.0159304738045,
                "high": 0.000310329458443
            },
            "x1": 2925060,
            "x0": 2437550,
            "avg_bpm": 117.471168518
        },
        "6": {
            "avg_mood": 0.288794994354,
            "strong_peak": 1.12312567234,
            "energy_band": {
                "middle_high": 0.00338579644449,
                "low": 0.00900224782526,
                "middle_low": 0.0144034363329,
                "high": 0.000311483279802
            },
            "x1": 3412570,
            "x0": 2925060,
            "avg_bpm": 108.262084961
        },
        "7": {
            "avg_mood": 0.528463840485,
            "strong_peak": 1.22427761555,
            "energy_band": {
                "middle_high": 0.00463696103543,
                "low": 0.0534796491265,
                "middle_low": 0.0174175351858,
                "high": 0.000195085201995
            },
            "x1": 3900080,
            "x0": 3412570,
            "avg_bpm": 82.5161361694
        },
        "8": {
            "avg_mood": 0.737674117088,
            "strong_peak": 1.16883659363,
            "energy_band": {
                "middle_high": 0.00398048199713,
                "low": 0.0605206564069,
                "middle_low": 0.0164457019418,
                "high": 0.000304540706566
            },
            "x1": 4387590,
            "x0": 3900080,
            "avg_bpm": 81.3410797119
        },
        "9": {
            "avg_mood": 0.642801046371,
            "strong_peak": 1.08950066566,
            "energy_band": {
                "middle_high": 0.0037918894086,
                "low": 0.0338378585875,
                "middle_low": 0.0175934303552,
                "high": 0.000201705435757
            },
            "x1": 4875100,
            "x0": 4387590,
            "avg_bpm": 162.724822998
        },
        "10": {
            "avg_mood": 0.347012728453,
            "strong_peak": 1.11993479729,
            "energy_band": {
                "middle_high": 0.00350416870788,
                "low": 0.018082626164,
                "middle_low": 0.01976878196,
                "high": 0.000253482576227
            },
            "x1": 5362610,
            "x0": 4875100,
            "avg_bpm": 81.5598144531
        },
        "11": {
            "avg_mood": 0.216036707163,
            "strong_peak": 0.975217103958,
            "energy_band": {
                "middle_high": 0.00340731511824,
                "low": 0.0328845195472,
                "middle_low": 0.0150557737797,
                "high": 0.000278696854366
            },
            "x1": 5850120,
            "x0": 5362610,
            "avg_bpm": 82.8940582275
        },
        "12": {
            "avg_mood": 0.188457980752,
            "strong_peak": 1.09101545811,
            "energy_band": {
                "middle_high": 0.00402890238911,
                "low": 0.0514241792262,
                "middle_low": 0.0165583789349,
                "high": 0.000293848192086
            },
            "x1": 6337630,
            "x0": 5850120,
            "avg_bpm": 83.7249450684
        },
        "13": {
            "avg_mood": 0.592663526535,
            "strong_peak": 1.42908847332,
            "energy_band": {
                "middle_high": 0.00659147650003,
                "low": 0.0359171926975,
                "middle_low": 0.0145987514406,
                "high": 0.000326950423187
            },
            "x1": 6825140,
            "x0": 6337630,
            "avg_bpm": 80.3796691895
        },
        "14": {
            "avg_mood": 0.588810741901,
            "strong_peak": 1.55345928669,
            "energy_band": {
                "middle_high": 0.00774582382292,
                "low": 0.0037782471627,
                "middle_low": 0.0143994037062,
                "high": 0.000793862331193
            },
            "x1": 7312650,
            "x0": 6825140,
            "avg_bpm": 164.103820801
        },
        "15": {
            "avg_mood": 0.122423544526,
            "strong_peak": 1.29950082302,
            "energy_band": {
                "middle_high": 0.0055512660183,
                "low": 0.0230408553034,
                "middle_low": 0.0162703469396,
                "high": 0.00024259541533
            },
            "x1": 7800160,
            "x0": 7312650,
            "avg_bpm": 108.325317383
        },
        "16": {
            "avg_mood": 0.667068004608,
            "strong_peak": 1.14410150051,
            "energy_band": {
                "middle_high": 0.00453829579055,
                "low": 0.0494620352983,
                "middle_low": 0.0164187345654,
                "high": 0.000224728311878
            },
            "x1": 8287670,
            "x0": 7800160,
            "avg_bpm": 82.8024978638
        },
        "17": {
            "avg_mood": 0.366415083408,
            "strong_peak": 1.18915379047,
            "energy_band": {
                "middle_high": 0.00522128585726,
                "low": 0.0542564801872,
                "middle_low": 0.0174966752529,
                "high": 0.000229259720072
            },
            "x1": 8775180,
            "x0": 8287670,
            "avg_bpm": 84.0972900391
        },
        "18": {
            "avg_mood": 0.184228107333,
            "strong_peak": 1.19088602066,
            "energy_band": {
                "middle_high": 0.00790146738291,
                "low": 0.0725003182888,
                "middle_low": 0.0109645863995,
                "high": 0.000186629607924
            },
            "x1": 9262690,
            "x0": 8775180,