{
    "wave": {
        "0": {
            "strong_peak": 0.682050704956,
            "x0": 0,
            "avg_mood": 0.494088679552,
            "energy_band": {
                "low": 0.0216867420822,
                "high": 0.000414472946431,
                "middle_high": 0.000605907756835,
                "middle_low": 0.0145923988894
            },
            "x1": 134054,
            "avg_bpm": 135.12739563
        },
        "1": {
            "strong_peak": 1.48655092716,
            "x0": 134054,
            "avg_mood": 0.141154557467,
            "energy_band": {
                "low": 0.0133221065626,
                "high": 0.000339408928994,
                "middle_high": 0.00717038940638,
                "middle_low": 0.00269254832529
            },
            "x1": 268108,
            "avg_bpm": 145.60546875
        },
        "2": {
            "strong_peak": 1.00484240055,
            "x0": 268108,
            "avg_mood": 0.4645652771,
            "energy_band": {
                "low": 0.0428455919027,
                "high": 0.0009276579367,
                "middle_high": 0.00803953502327,
                "middle_low": 0.00601359969005
            },
            "x1": 402162,
            "avg_bpm": 141.614761353
        },
        "3": {
            "strong_peak": 1.19311225414,
            "x0": 402162,
            "avg_mood": 0.58581250906,
            "energy_band": {
                "low": 0.0087445769459,
                "high": 0.000274678866845,
                "middle_high": 0.0068103200756,
                "middle_low": 0.0039531365037
            },
            "x1": 536216,
            "avg_bpm": 135.999176025
        },
        "4": {
            "strong_peak": 1.48803389072,
            "x0": 536216,
            "avg_mood": 0.532922029495,
            "energy_band": {
                "low": 0.0178716685623,
                "high": 0.000338709913194,
                "middle_high": 0.0136909829453,
                "middle_low": 0.00356723926961
            },
            "x1": 670270,
            "avg_bpm": 136.036880493
        },
        "5": {
            "strong_peak": 1.48438620567,
            "x0": 670270,
            "avg_mood": 0.800136804581,
            "energy_band": {
                "low": 0.0179717373103,
                "high": 0.000505061703734,
                "middle_high": 0.0116973826662,
                "middle_low": 0.00491767609492
            },
            "x1": 804324,
            "avg_bpm": 136.734298706
        },
        "6": {
            "strong_peak": 1.57354259491,
            "x0": 804324,
            "avg_mood": 0.363456279039,
            "energy_band": {
                "low": 0.00417880853638,
                "high": 0.000146915990626,
                "middle_high": 0.00712999422103,
                "middle_low": 0.00157976290211
            },
            "x1": 938378,
            "avg_bpm": 134.6043396
        },
        "7": {
            "strong_peak": 2.8064699173,
            "x0": 938378,
            "avg_mood": 0.869514226913,
            "energy_band": {
                "low": 0.00257451226935,
                "high": 9.26477296161e-05,
                "middle_high": 0.0107597317547,
                "middle_low": 0.00202111434191
            },
            "x1": 1072432,
            "avg_bpm": 129.19921875
        },
        "8": {
            "strong_peak": 0.894693136215,
            "x0": 1072432,
            "avg_mood": 0.468699514866,
            "energy_band": {
                "low": 0.0132560990751,
                "high": 0.000876071746461,
                "middle_high": 0.00489038135856,
                "middle_low": 0.00738092977554
            },
            "x1": 1206486,
            "avg_bpm": 131.40776062
        },
        "9": {
            "strong_peak": 3.69345974922,
            "x0": 1206486,
            "avg_mood": 0.994174063206,
            "energy_band": {
                "low": 0.00127339351457,
                "high": 0.000228360702749,
                "middle_high": 0.0162360388786,
                "middle_low": 0.00478699617088
            },
            "x1": 1340540,
            "avg_bpm": 134.255599976
        },
        "10": {
            "strong_peak": 0.927973568439,
            "x0": 1340540,
            "avg_mood": 0.457057148218,
            "energy_band": {
                "low": 0.00936602056026,
                "high": 0.000807321863249,
                "middle_high": 0.001649947837,
                "middle_low": 0.00954513158649
            },
            "x1": 1474594,
            "avg_bpm": 129.861785889
        },
        "11": {
            "strong_peak": 1.71563160419,
            "x0": 1474594,
            "avg_mood": 0.451561182737,
            "energy_band": {
                "low": 0.00499574374408,
                "high": 0.000351074297214,
                "middle_high": 0.00791000574827,
                "middle_low": 0.00698531745002
            },
            "x1": 1608648,
            "avg_bpm": 135.999191284
        },
        "12": {
            "strong_peak": 1.81991839409,
            "x0": 1608648,
            "avg_mood": 0.818150579929,
            "energy_band": {
                "low": 0.00981283932924,
                "high": 0.000657021941151,
                "middle_high": 0.0132817048579,
                "middle_low": 0.00674040522426
            },
            "x1": 1742702,
            "avg_bpm": 137.837005615
        },
        "13": {
            "strong_peak": 0.918447554111,
            "x0": 1742702,
            "avg_mood": 0.0744924172759,
            "energy_band": {
                "low": 0.0314557775855,
                "high": 0.00167083891574,
                "middle_high": 0.00675816088915,
                "middle_low": 0.00819000881165
            },
            "x1": 1876756,
            "avg_bpm": 137.837005615
        },
        "14": {
            "strong_peak": 3.01902842522,
            "x0": 1876756,
            "avg_mood": 0.999933481216,
            "energy_band": {
                "low": 0.000497999659274,
                "high": 0.000148938270286,
                "middle_high": 0.0141348382458,
                "middle_low": 0.0032277002465
            },
            "x1": 2010810,
            "avg_bpm": 126.04801178
        },
        "15": {
            "strong_peak": 2.52247619629,
            "x0": 2010810,
            "avg_mood": 0.971966564655,
            "energy_band": {
                "low": 0.00558323739097,
                "high": 0.000173110965989,
                "middle_high": 0.0161384325475,
                "middle_low": 0.00377794774249
            },
            "x1": 2144864,
            "avg_bpm": 134.604324341
        },
        "16": {
            "strong_peak": 1.14357972145,
            "x0": 2144864,
            "avg_mood": 0.0733977928758,
            "energy_band": {
                "low": 0.00405381759629,
                "high": 0.000236854466493,
                "middle_high": 0.00715704541653,
                "middle_low": 0.00179312261753
            },
            "x1": 2278918,
            "avg_bpm": 127.623626709
        },
        "17": {
            "strong_peak": 1.29116308689,
            "x0": 2278918,
            "avg_mood": 0.639931261539,
            "energy_band": {
                "low": 0.00149966054596,
                "high": 0.000172448839294,
                "middle_high": 0.00632166443393,
                "middle_low": 0.00117618555669
            },
            "x1": 2412972,
            "avg_bpm": 146.972671509
        },
        "18": {
            "strong_peak": 3.50366282463,
            "x0": 2412972,
            "avg_mood": 0.981899917126,
            "energy_band": {
                "low": 0.00152088212781,
                "high": 0.000214543426409,
                "middle_high": 0.0139268143103,
                "middle_low": 0.00225226185285
            },
            "x1": 2547026,