{
    "glyphs": {
        "genre": {
            "probability": 0.354317307472,
            "value": "jazz"
        },
        "bpm": {
            "bpm": 154.648101807,
            "value": "fast"
        },
        "danceability": {
            "probability": 1.07759273052,
            "value": "danceable"
        },
        "mood": {
            "value": 0.613362014294
        },
        "instrument": {
            "probability": 0.261260300875,
            "value": "piano"
        }
    },
    "wave": {
        "0": {
            "avg_mood": 0.664214253426,
            "avg_bpm": 153.018264771,
            "x1": 1491168,
            "strong_peak": 0.663379788399,
            "x0": 0,
            "energy_band": {
                "high": 0.00285514909774,
                "middle_low": 0.00960266590118,
                "low": 0.00958279240876,
                "middle_high": 0.00454320712015
            }
        },
        "1": {
            "avg_mood": 0.853824436665,
            "avg_bpm": 152.321594238,
            "x1": 2982336,
            "strong_peak": 0.701525449753,
            "x0": 1491168,
            "energy_band": {
                "high": 0.00242197047919,
                "middle_low": 0.0143037280068,
                "low": 0.0166477449238,
                "middle_high": 0.00519846519455
            }
        },
        "2": {
            "avg_mood": 0.169982612133,
            "avg_bpm": 148.279220581,
            "x1": 4473504,
            "strong_peak": 0.978147745132,
            "x0": 2982336,
            "energy_band": {
                "high": 0.00128923822194,
                "middle_low": 0.0127189634368,
                "low": 0.0244341399521,
                "middle_high": 0.00709849363193
            }
        },
        "3": {
            "avg_mood": 0.335317850113,
            "avg_bpm": 147.270217896,
            "x1": 5964672,
            "strong_peak": 1.33217084408,
            "x0": 4473504,
            "energy_band": {
                "high": 0.000851172371767,
                "middle_low": 0.00682085705921,
                "low": 0.0063867601566,
                "middle_high": 0.00954693276435
            }
        },
        "4": {
            "avg_mood": 0.346790373325,
            "avg_bpm": 155.209335327,
            "x1": 7455840,
            "strong_peak": 0.99987334013,
            "x0": 5964672,
            "energy_band": {
                "high": 0.00144781696144,
                "middle_low": 0.00925557687879,
                "low": 0.00896994397044,
                "middle_high": 0.00827586650848
            }
        },
        "5": {
            "avg_mood": 0.686714589596,
            "avg_bpm": 162.604049683,
            "x1": 8947008,
            "strong_peak": 2.11131215096,
            "x0": 7455840,
            "energy_band": {
                "high": 0.00152677239385,
                "middle_low": 0.00633397325873,
                "low": 0.00386700872332,
                "middle_high": 0.0119797466323
            }
        },
        "6": {
            "avg_mood": 0.508963465691,
            "avg_bpm": 161.82460022,
            "x1": 10438176,
            "strong_peak": 1.95125174522,
            "x0": 8947008,
            "energy_band": {
                "high": 0.00204180181026,
                "middle_low": 0.0137622030452,
                "low": 0.00497131189331,
                "middle_high": 0.0110773565248
            }
        },
        "7": {
            "avg_mood": 0.0464164726436,
            "avg_bpm": 155.735992432,
            "x1": 11929344,
            "strong_peak": 1.00273180008,
            "x0": 10438176,
            "energy_band": {
                "high": 0.000985192717053,
                "middle_low": 0.00860658008605,
                "low": 0.0107221137732,
                "middle_high": 0.00524193188176
            }
        },
        "8": {
            "avg_mood": 0.113530822098,
            "avg_bpm": 155.552307129,
            "x1": 13420512,
            "strong_peak": 0.662827789783,
            "x0": 11929344,
            "energy_band": {
                "high": 0.000959657656495,
                "middle_low": 0.0101814363152,
                "low": 0.0333128608763,
                "middle_high": 0.00196946272627
            }
        },
        "9": {
            "avg_mood": 0.701026320457,
            "avg_bpm": 147.20262146,
            "x1": 14911680,
            "strong_peak": 0.621989369392,
            "x0": 13420512,
            "energy_band": {
                "high": 0.00360369449481,
                "middle_low": 0.0158847495914,
                "low": 0.00774283520877,
                "middle_high": 0.00573218520731
            }
        },
        "10": {
            "avg_mood": 0.101334087551,
            "avg_bpm": 151.924484253,
            "x1": 16402848,
            "strong_peak": 0.880222320557,
            "x0": 14911680,
            "energy_band": {
                "high": 0.00258039822802,
                "middle_low": 0.011225907132,
                "low": 0.0212355237454,
                "middle_high": 0.00565197179094
            }
        },
        "11": {
            "avg_mood": 0.0578317753971,
            "avg_bpm": 162.863464355,
            "x1": 17894016,
            "strong_peak": 0.826761066914,
            "x0": 16402848,
            "energy_band": {
                "high": 0.00230068084784,
                "middle_low": 0.0132819870487,
                "low": 0.0147106517106,
                "middle_high": 0.00543806795031
            }
        },
        "12": {
            "avg_mood": 0.0195986423641,
            "avg_bpm": 163.886795044,
            "x1": 19385184,
            "strong_peak": 0.771853327751,
            "x0": 17894016,
            "energy_band": {
                "high": 0.00215288274921,
                "middle_low": 0.0153900962323,
                "low": 0.0137781919912,
                "middle_high": 0.00468500703573
            }
        },
        "13": {
            "avg_mood": 0.515213668346,
            "avg_bpm": 162.631515503,
            "x1": 20876352,
            "strong_peak": 0.909941136837,
            "x0": 19385184,
            "energy_band": {
                "high": 0.00254257838242,
                "middle_low": 0.0119113735855,
                "low": 0.0101439971477,
                "middle_high": 0.00491631543264
            }
        },
        "14": {
            "avg_mood": 0.391145080328,
            "avg_bpm": 152.433883667,
            "x1": 22367520,
            "strong_peak": 1.64287436008,
            "x0": 20876352,
            "energy_band": {
                "high": 0.00136539887171,
                "middle_low": 0.00783196184784,
                "low": 0.0034051828552,
                "middle_high": 0.00996125489473
            }
        },
        "15": {
            "avg_mood": 0.85819709301,
            "avg_bpm": 109.752319336,
            "x1": 23858688,
            "strong_peak": 1.40455019474,
            "x0": 22367520,
            "energy_band": {
                "high": 0.000108644468128,
                "middle_low": 0.00183718884364,
                "low": 6.29832754839e-07,
                "middle_high": 0.00700977724046
            }
        },
        "16": {
            "avg_mood": 0.747021317482,
            "avg_bpm": 126.093078613,
            "x1": 25349856,
            "strong_peak": 1.41737699509,
            "x0": 23858688,
            "energy_band": {
                "high": 0.000227320590056,
                "middle_low": 0.00215879478492,
                "low": 0.000134911373607,
                "middle_high": 0.00626176875085
            }
        },
        "17": {
            "avg_mood": 0.867426991463,
            "avg_bpm": 132.662155151,
            "x1": 26841024,
            "strong_peak": 2.51262640953,
            "x0": 25349856,
            "energy_band": {
                "high": 0.000456044304883,