{
    "metadata": {
        "filename": "12. 24 Preludes, Op. 28- 12. In G Sharp Minor",
        "sample_rate": 44100
    },
    "wave": {
        "0": {
            "energy_band": {
                "middle_high": 0.00152952747885,
                "high": 6.49785704354e-07,
                "middle_low": 0.0156076196581,
                "low": 0.000245105678914
            },
            "x1": 127660,
            "strong_peak": 1.23616755009,
            "avg_mood": 0.677938461304,
            "avg_bpm": 141.614761353,
            "x0": 0
        },
        "1": {
            "energy_band": {
                "middle_high": 0.00351556227542,
                "high": 9.72590260062e-06,
                "middle_low": 0.0148083334789,
                "low": 0.000276686099824
            },
            "x1": 255320,
            "strong_peak": 1.45115482807,
            "avg_mood": 0.904299557209,
            "avg_bpm": 137.224411011,
            "x0": 127660
        },
        "2": {
            "energy_band": {
                "middle_high": 0.00412541721016,
                "high": 1.62653759617e-05,
                "middle_low": 0.0236357171088,
                "low": 0.000304302142467
            },
            "x1": 382980,
            "strong_peak": 1.7772128582,
            "avg_mood": 0.356929928064,
            "avg_bpm": 139.715667725,
            "x0": 255320
        },
        "3": {
            "energy_band": {
                "middle_high": 0.00447359029204,
                "high": 1.22976634884e-05,
                "middle_low": 0.017650032416,
                "low": 4.04910060752e-05
            },
            "x1": 510640,
            "strong_peak": 1.71466064453,
            "avg_mood": 0.198304876685,
            "avg_bpm": 141.614746094,
            "x0": 382980
        },
        "4": {
            "energy_band": {
                "middle_high": 0.00580967403948,
                "high": 2.61555051111e-05,
                "middle_low": 0.0252917781472,
                "low": 0.000128360741655
            },
            "x1": 638300,
            "strong_peak": 1.12047660351,
            "avg_mood": 0.208935588598,
            "avg_bpm": 120.217834473,
            "x0": 510640
        },
        "5": {
            "energy_band": {
                "middle_high": 0.00583487842232,
                "high": 2.48908654612e-05,
                "middle_low": 0.023001069203,
                "low": 0.000175702909473
            },
            "x1": 765960,
            "strong_peak": 1.05791795254,
            "avg_mood": 0.852670013905,
            "avg_bpm": 124.547454834,
            "x0": 638300
        },
        "6": {
            "energy_band": {
                "middle_high": 0.00394982472062,
                "high": 1.26356262626e-05,
                "middle_low": 0.0155391842127,
                "low": 0.000140899719554
            },
            "x1": 893620,
            "strong_peak": 1.16253721714,
            "avg_mood": 0.143238916993,
            "avg_bpm": 123.046859741,
            "x0": 765960
        },
        "7": {
            "energy_band": {
                "middle_high": 0.00566147780046,
                "high": 6.04847446084e-06,
                "middle_low": 0.0136992847547,
                "low": 6.64566468913e-05
            },
            "x1": 1021280,
            "strong_peak": 1.82368135452,
            "avg_mood": 0.25847017765,
            "avg_bpm": 128.14881897,
            "x0": 893620
        },
        "8": {
            "energy_band": {
                "middle_high": 0.0110853994265,
                "high": 3.23160529661e-05,
                "middle_low": 0.0197646450251,
                "low": 0.000272411911283
            },
            "x1": 1148940,
            "strong_peak": 2.40091490746,
            "avg_mood": 0.293230831623,
            "avg_bpm": 121.616104126,
            "x0": 1021280
        },
        "9": {
            "energy_band": {
                "middle_high": 0.00295804440975,
                "high": 7.18419187251e-06,
                "middle_low": 0.0130254551768,
                "low": 0.000188556194189
            },
            "x1": 1276600,
            "strong_peak": 1.4273686409,
            "avg_mood": 0.583969414234,
            "avg_bpm": 122.093025208,
            "x0": 1148940
        },
        "10": {
            "energy_band": {
                "middle_high": 0.00428702775389,
                "high": 9.91194519884e-06,
                "middle_low": 0.0222535543144,
                "low": 0.000270856107818
            },
            "x1": 1404260,
            "strong_peak": 1.77173542976,
            "avg_mood": 0.91841006279,
            "avg_bpm": 133.674423218,
            "x0": 1276600
        },
        "11": {
            "energy_band": {
                "middle_high": 0.00609458237886,
                "high": 1.25824808492e-05,
                "middle_low": 0.0241029616445,
                "low": 0.00104674708564
            },
            "x1": 1531920,
            "strong_peak": 1.24108350277,
            "avg_mood": 0.872463345528,
            "avg_bpm": 138.939697266,
            "x0": 1404260
        },
        "12": {
            "energy_band": {
                "middle_high": 0.00458077853546,
                "high": 1.14499489428e-05,
                "middle_low": 0.0187818538398,
                "low": 0.000598136568442
            },
            "x1": 1659580,
            "strong_peak": 1.60512650013,
            "avg_mood": 0.955527126789,
            "avg_bpm": 184.570281982,
            "x0": 1531920
        },
        "13": {
            "energy_band": {
                "middle_high": 0.00526228733361,
                "high": 2.10320285987e-05,
                "middle_low": 0.0173053685576,
                "low": 4.11092914874e-05
            },
            "x1": 1787240,
            "strong_peak": 1.97397100925,
            "avg_mood": 0.518909752369,
            "avg_bpm": 120.185310364,
            "x0": 1659580
        },
        "14": {
            "energy_band": {
                "middle_high": 0.00310828606598,
                "high": 1.42743692777e-06,
                "middle_low": 0.0107377013192,
                "low": 9.88967876765e-05
            },
            "x1": 1914900,
            "strong_peak": 0.836307525635,
            "avg_mood": 0.887139260769,
            "avg_bpm": 106.201171875,
            "x0": 1787240
        },
        "15": {
            "energy_band": {
                "middle_high": 0.0027261574287,
                "high": 1.92888523998e-06,
                "middle_low": 0.01648850739,
                "low": 0.000290215830319
            },
            "x1": 2042560,
            "strong_peak": 1.48010396957,
            "avg_mood": 0.948776304722,
            "avg_bpm": 131.40776062,
            "x0": 1914900
        },
        "16": {
            "energy_band": {
                "middle_high": 0.00387361156754,
                "high": 5.04239824295e-06,
                "middle_low": 0.0165110863745,
                "low": 0.000636731449049
            },
            "x1": 2170220,
            "strong_peak": 1.27872884274,
            "avg_mood": 0.213613957167,
            "avg_bpm": 127.62361908,
            "x0": 2042560
        },
        "17": {
            "energy_band": {
                "middle_high": 0.00516313267872,
                "high": 8.40987104311e-06,
                "middle_low": 0.0237974915653,
                "low": 0.00102504377719
            },
            "x1": 2297880,
            "strong_peak": 1.32443225384,
            "avg_mood": 0.550303757191,
            "avg_bpm": 89.9389190674,
            "x0": 2170220
        },
        "18": {
            "energy_band": {
                "middle_high": 0.00257326802239,
                "high": 1.1940130662e-06,
                "middle_low": 0.0154240559787,
                "low": 0.000374974595616
            },
            "x1": 2425540,