{
    "wave": {
        "0": {
            "avg_bpm": 97.032081604,
            "energy_band": {
                "low": 0.00191470084246,
                "high": 1.60341613764e-07,
                "middle_high": 6.3045808929e-05,
                "middle_low": 0.0210004467517
            },
            "x0": 0,
            "avg_mood": 0.0055427160114,
            "x1": 459244,
            "strong_peak": 0.832263588905
        },
        "1": {
            "avg_bpm": 105.723648071,
            "energy_band": {
                "low": 0.00383460498415,
                "high": 1.40263253456e-07,
                "middle_high": 7.500142965e-05,
                "middle_low": 0.023166347295
            },
            "x0": 459244,
            "avg_mood": 0.010036945343,
            "x1": 918488,
            "strong_peak": 0.940092563629
        },
        "2": {
            "avg_bpm": 103.80606842,
            "energy_band": {
                "low": 0.0111227650195,
                "high": 3.66876292901e-07,
                "middle_high": 0.000238965571043,
                "middle_low": 0.0321161225438
            },
            "x0": 918488,
            "avg_mood": 0.0175903718919,
            "x1": 1377732,
            "strong_peak": 1.00730144978
        },
        "3": {
            "avg_bpm": 98.3796463013,
            "energy_band": {
                "low": 0.00171841506381,
                "high": 9.47148123487e-07,
                "middle_high": 0.00059375714045,
                "middle_low": 0.0236771851778
            },
            "x0": 1377732,
            "avg_mood": 0.0359047949314,
            "x1": 1836976,
            "strong_peak": 0.94653570652
        },
        "4": {
            "avg_bpm": 94.4782333374,
            "energy_band": {
                "low": 0.00485762069002,
                "high": 2.7599992336e-06,
                "middle_high": 0.00138593744487,
                "middle_low": 0.0300942882895
            },
            "x0": 1836976,
            "avg_mood": 0.0512107647955,
            "x1": 2296220,
            "strong_peak": 1.03260743618
        },
        "5": {
            "avg_bpm": 172.265594482,
            "energy_band": {
                "low": 0.00248685805127,
                "high": 2.29780562222e-06,
                "middle_high": 0.000854470941704,
                "middle_low": 0.0185305122286
            },
            "x0": 2296220,
            "avg_mood": 0.069098725915,
            "x1": 2755464,
            "strong_peak": 0.859489619732
        },
        "6": {
            "avg_bpm": 132.163284302,
            "energy_band": {
                "low": 0.00346465525217,
                "high": 7.47452759242e-07,
                "middle_high": 0.000855865480844,
                "middle_low": 0.0243889708072
            },
            "x0": 2755464,
            "avg_mood": 0.0771793350577,
            "x1": 3214708,
            "strong_peak": 1.17806851864
        },
        "7": {
            "avg_bpm": 136.979354858,
            "energy_band": {
                "low": 0.000814033905044,
                "high": 1.12235034067e-06,
                "middle_high": 0.000407257088227,
                "middle_low": 0.0145503571257
            },
            "x0": 3214708,
            "avg_mood": 0.0687140002847,
            "x1": 3673952,
            "strong_peak": 0.938826620579
        },
        "8": {
            "avg_bpm": 120.480926514,
            "energy_band": {
                "low": 0.00250852457248,
                "high": 1.85974315059e-07,
                "middle_high": 0.00055371504277,
                "middle_low": 0.0227234326303
            },
            "x0": 3673952,
            "avg_mood": 0.0462854281068,
            "x1": 4133196,
            "strong_peak": 1.18506073952
        },
        "9": {
            "avg_bpm": 132.561843872,
            "energy_band": {
                "low": 0.00399013003334,
                "high": 4.02125436949e-07,
                "middle_high": 0.000734251516405,
                "middle_low": 0.0263958387077
            },
            "x0": 4133196,
            "avg_mood": 0.14111238718,
            "x1": 4592440,
            "strong_peak": 1.25139701366
        },
        "10": {
            "avg_bpm": 131.658569336,
            "energy_band": {
                "low": 0.00133931904566,
                "high": 6.44261547222e-07,
                "middle_high": 0.000975840957835,
                "middle_low": 0.0205632969737
            },
            "x0": 4592440,
            "avg_mood": 0.175575494766,
            "x1": 5051684,
            "strong_peak": 1.33832812309
        },
        "11": {
            "avg_bpm": 107.686790466,
            "energy_band": {
                "low": 0.00156091072131,
                "high": 8.62420256453e-06,
                "middle_high": 0.0026850446593,
                "middle_low": 0.0183395985514
            },
            "x0": 5051684,
            "avg_mood": 0.0927900597453,
            "x1": 5510928,
            "strong_peak": 1.59887099266
        },
        "12": {
            "avg_bpm": 111.66418457,
            "energy_band": {
                "low": 0.000606904912274,
                "high": 2.49179424827e-06,
                "middle_high": 0.00263937050477,
                "middle_low": 0.0173813719302
            },
            "x0": 5510928,
            "avg_mood": 0.179614037275,
            "x1": 5970172,
            "strong_peak": 1.97138822079
        },
        "13": {
            "avg_bpm": 132.130630493,
            "energy_band": {
                "low": 0.00489074410871,
                "high": 1.45508113292e-06,
                "middle_high": 0.00505011621863,
                "middle_low": 0.0226470995694
            },
            "x0": 5970172,
            "avg_mood": 0.197636753321,
            "x1": 6429416,
            "strong_peak": 2.30031967163
        },
        "14": {
            "avg_bpm": 129.662460327,
            "energy_band": {
                "low": 0.000799040310085,
                "high": 6.63949322188e-06,
                "middle_high": 0.00121474266052,
                "middle_low": 0.0173049997538
            },
            "x0": 6429416,
            "avg_mood": 0.25596010685,
            "x1": 6888660,
            "strong_peak": 1.81444501877
        },
        "15": {
            "avg_bpm": 108.724830627,
            "energy_band": {
                "low": 0.00098944758065,
                "high": 7.45372517486e-06,
                "middle_high": 0.00532157532871,
                "middle_low": 0.0186866838485
            },
            "x0": 6888660,
            "avg_mood": 0.363492548466,
            "x1": 7347904,
            "strong_peak": 2.63757300377
        },
        "16": {
            "avg_bpm": 129.617507935,
            "energy_band": {
                "low": 0.00350929610431,
                "high": 6.82145127939e-06,
                "middle_high": 0.00405847514048,
                "middle_low": 0.0235592592508
            },
            "x0": 7347904,
            "avg_mood": 0.0866456702352,
            "x1": 7807148,
            "strong_peak": 1.71888697147
        },
        "17": {
            "avg_bpm": 133.158172607,
            "energy_band": {
                "low": 0.00504647940397,
                "high": 2.49683980655e-05,
                "middle_high": 0.00582120660692,
                "middle_low": 0.0157786943018
            },
            "x0": 7807148,
            "avg_mood": 0.158556848764,
            "x1": 8266392,
            "strong_peak": 1.84285318851
        },
        "18": {
            "avg_bpm": 128.942123413,
            "energy_band": {
                "low": 0.00360617390834,
                "high": 1.26652339532e-05,
                "middle_high": 0.00173782883212,
                "middle_low": 0.020854305476
            },
            "x0": 8266392,
            "avg_mood": 0.14906616509,
            "x1": 8725636,