{
    "metadata": {
        "filename": "10 - Surf's Up",
        "sample_rate": 44100
    },
    "glyphs": {
        "danceability": {
            "probability": 0.982729196548,
            "value": "danceable"
        },
        "mood": {
            "value": 0.193845227361
        },
        "genre": {
            "probability": 0.601651728153,
            "value": "jazz"
        },
        "instrument": {
            "probability": 0.221154853702,
            "value": "piano"
        },
        "bpm": {
            "bpm": 83.535774231,
            "value": "slow"
        }
    },
    "wave": {
        "0": {
            "x1": 554190,
            "avg_mood": 1.05046292447e-05,
            "x0": 0,
            "strong_peak": 0.909415960312,
            "avg_bpm": 82.7754821777,
            "energy_band": {
                "middle_low": 0.0118072023615,
                "low": 0.0167790483683,
                "high": 0.00125124840997,
                "middle_high": 0.00532376999035
            }
        },
        "1": {
            "x1": 1108380,
            "avg_mood": 0.693509817123,
            "x0": 554190,
            "strong_peak": 1.12978041172,
            "avg_bpm": 83.9009170532,
            "energy_band": {
                "middle_low": 0.0131345717236,
                "low": 0.0118741681799,
                "high": 0.00142388674431,
                "middle_high": 0.00483202235773
            }
        },
        "2": {
            "x1": 1662570,
            "avg_mood": 0.34878012538,
            "x0": 1108380,
            "strong_peak": 1.79948079586,
            "avg_bpm": 83.9920120239,
            "energy_band": {
                "middle_low": 0.0156046515331,
                "low": 0.00517547084019,
                "high": 0.00083626183914,
                "middle_high": 0.00268794223666
            }
        },
        "3": {
            "x1": 2216760,
            "avg_mood": 0.0363782979548,
            "x0": 1662570,
            "strong_peak": 0.713219463825,
            "avg_bpm": 83.0188522339,
            "energy_band": {
                "middle_low": 0.0118652535602,
                "low": 0.0124860061333,
                "high": 0.000585040950682,
                "middle_high": 0.00126488925889
            }
        },
        "4": {
            "x1": 2770950,
            "avg_mood": 0.12816670537,
            "x0": 2216760,
            "strong_peak": 1.17117059231,
            "avg_bpm": 83.5495376587,
            "energy_band": {
                "middle_low": 0.0177264865488,
                "low": 0.0192455388606,
                "high": 0.000828709104098,
                "middle_high": 0.00453186407685
            }
        },
        "5": {
            "x1": 3325140,
            "avg_mood": 0.534257471561,
            "x0": 2770950,
            "strong_peak": 1.86688911915,
            "avg_bpm": 83.4876785278,
            "energy_band": {
                "middle_low": 0.0153835592791,
                "low": 0.00438948580995,
                "high": 0.000349038600689,
                "middle_high": 0.00357789592817
            }
        },
        "6": {
            "x1": 3879330,
            "avg_mood": 0.0161742642522,
            "x0": 3325140,
            "strong_peak": 1.47736346722,
            "avg_bpm": 83.5087203979,
            "energy_band": {
                "middle_low": 0.0162766948342,
                "low": 0.00691371411085,
                "high": 0.000507143151481,
                "middle_high": 0.00175131030846
            }
        },
        "7": {
            "x1": 4433520,
            "avg_mood": 0.00537795620039,
            "x0": 3879330,
            "strong_peak": 1.20373094082,
            "avg_bpm": 111.585769653,
            "energy_band": {
                "middle_low": 0.0136454803869,
                "low": 0.00230640941299,
                "high": 1.738368519e-05,
                "middle_high": 0.0021882627625
            }
        },
        "8": {
            "x1": 4987710,
            "avg_mood": 0.708684563637,
            "x0": 4433520,
            "strong_peak": 1.1070445776,
            "avg_bpm": 97.6329193115,
            "energy_band": {
                "middle_low": 0.0131219420582,
                "low": 0.000626557914075,
                "high": 0.000179879760253,
                "middle_high": 0.00254349247552
            }
        },
        "9": {
            "x1": 5541900,
            "avg_mood": 0.382026314735,
            "x0": 4987710,
            "strong_peak": 1.54200422764,
            "avg_bpm": 97.409072876,
            "energy_band": {
                "middle_low": 0.0125357117504,
                "low": 0.000275102414889,
                "high": 9.7041905974e-05,
                "middle_high": 0.00317873992026
            }
        },
        "10": {
            "x1": 6096090,
            "avg_mood": 0.344410151243,
            "x0": 5541900,
            "strong_peak": 1.0278929472,
            "avg_bpm": 148.648132324,
            "energy_band": {
                "middle_low": 0.0129501894116,
                "low": 0.0138436118141,
                "high": 0.000146780832438,
                "middle_high": 0.00292880856432
            }
        },
        "11": {
            "x1": 6650280,
            "avg_mood": 0.0676935911179,
            "x0": 6096090,
            "strong_peak": 0.919751644135,
            "avg_bpm": 100.958580017,
            "energy_band": {
                "middle_low": 0.013669911772,
                "low": 0.0246061198413,
                "high": 0.000112737638119,
                "middle_high": 0.00447792420164
            }
        },
        "12": {
            "x1": 7204470,
            "avg_mood": 0.151025831699,
            "x0": 6650280,
            "strong_peak": 0.780066311359,
            "avg_bpm": 97.7279663086,
            "energy_band": {
                "middle_low": 0.00814704038203,
                "low": 0.00809021480381,
                "high": 0.000184891090612,
                "middle_high": 0.0026550644543
            }
        },
        "13": {
            "x1": 7758660,
            "avg_mood": 0.161822125316,
            "x0": 7204470,
            "strong_peak": 1.47131228447,
            "avg_bpm": 95.0670166016,
            "energy_band": {
                "middle_low": 0.0157272145152,
                "low": 0.00385752343573,
                "high": 7.79082183726e-05,
                "middle_high": 0.00419326033443
            }
        },
        "14": {
            "x1": 8312850,
            "avg_mood": 0.146196693182,
            "x0": 7758660,
            "strong_peak": 1.16303670406,
            "avg_bpm": 94.8419799805,
            "energy_band": {
                "middle_low": 0.0115666035563,
                "low": 0.0388729088008,
                "high": 8.00412453827e-05,
                "middle_high": 0.00645963754505
            }
        },
        "15": {
            "x1": 8867040,
            "avg_mood": 0.706987679005,
            "x0": 8312850,
            "strong_peak": 1.44738519192,
            "avg_bpm": 163.814376831,
            "energy_band": {
                "middle_low": 0.0187530815601,
                "low": 0.00460871309042,
                "high": 5.6557062635e-05,
                "middle_high": 0.00762434164062
            }
        },
        "16": {
            "x1": 9421230,
            "avg_mood": 0.90277326107,
            "x0": 8867040,
            "strong_peak": 1.49516296387,
            "avg_bpm": 161.499038696,
            "energy_band": {
                "middle_low": 0.0215492192656,
                "low": 0.00437239091843,
                "high": 0.000127301944303,
                "middle_high": 0.00675056409091
            }
        },
        "17": {
            "x1": 9975420,
            "avg_mood": 0.951851010323,
            "x0": 9421230,
            "strong_peak": 1.54464447498,
            "avg_bpm": 153.696075439,